-4.669254085244943786e-01,-4.843939355531717839e-01,-7.120427750176216986e-02,-4.319259260252797938e-01,-2.480590117539070993e-01,-2.788390846539161583e-01,-2.468088062771480740e-01,-3.689447687847422497e-01,-4.879637771023457304e-01,-3.845157028612519179e-01,1.184802595127478764e-01,4.742562128180503045e-01,4.903450015608938894e-01,-9.094590462693841193e-02,-3.370455739533946282e-01,1.387617573665292925e-01,-9.694653451262857935e-03,4.894097772844314687e-01,-4.346957928482197975e-01,2.832344383138131194e-01,-2.116015026685060807e-01,-2.585813799234260024e-01,1.625045715326759455e-01,-2.539368150090355325e-01,1.658591175591876965e-01,1.730851720228876456e-02,-7.591101156415069884e-02,5.468780866141897956e-02,-2.129484800803702615e-01,2.065747062729789141e-01,-8.514313066643597327e-02,-1.394544395141077420e-01,3.286569145557377558e-01,4.249669119531921391e-01,-4.539926891127030739e-01,-2.673730071702344890e-01,-1.514806305074367643e-01,3.149664793702473542e-01,4.854914276432975573e-01,4.689717046703517633e-01,4.049483455499268691e-01,-2.034437349359701219e-01,4.920112434144741087e-01,-2.505799589435487862e-01,-3.940938451177677937e-01,4.509526110553940814e-01,-2.665797445319036951e-01,1.897682650777504643e-01,-4.416436410194113371e-01,2.307090991274761693e-01,3.817202123338396813e-01,-2.275631045340374969e-01,-1.209431039225714599e-01,-1.257038166790839240e-01,2.487882575401331176e-01,-2.621927574609611566e-01,-3.281469009523569902e-01,-5.070835131226192338e-02,-1.955315926226804946e-01,3.391891222586523869e-01,-2.622581739843612425e-01,2.389457489261448409e-03,4.425835996979303744e-01,1.339976977446607487e-01,3.672894054624648019e-01,4.402096893547673417e-01,2.507648618863519419e-01,1.995750602247513550e-01,4.679655666042270568e-01,4.944007896476794173e-01,-4.817831733024036112e-02,-4.291302218157916348e-01,-2.072059685594811462e-01,-3.476452943122695372e-01,-8.251362520398819456e-02,-3.687106715267439716e-01,1.041178040208819988e-01,-1.171919408421459030e-01,3.953858842882099767e-01
4.677946717985018710e-01,4.688490166942216320e-02,-2.251764301324034045e-01,9.223041876183679655e-02,3.967611582244098267e-01,-9.326665416425172772e-02,5.207827669197084841e-02,-2.283472323938541271e-01,-4.455585054997301953e-02,-9.828646462040135923e-02,-2.515865349170289811e-01,5.866383825308352229e-03,-1.896191740201885745e-01,-1.269651361192525307e-01,2.497044225426425790e-02,2.505950229289874986e-01,-1.664925342087246740e-01,4.241587666207635721e-01,3.623185468359023664e-01,-4.513097040244714586e-01,-2.463574757431772344e-01,-5.386448734079807288e-02,-3.953721112575259156e-01,-1.515240109665029200e-01,2.400975256176824946e-01,1.805144811428258667e-01,1.223844285660048437e-01,2.105284027223456311e-01,-2.950763130402982437e-01,-1.583018851352678835e-01,1.762424822774628641e-01,3.792347630313270823e-01,4.367805382809519799e-02,-2.173003490544633820e-01,-4.697647419940174096e-01,2.103368289742133523e-01,-4.921158964915596234e-01,-1.273209301790044767e-01,3.053721456278180035e-02,4.221114617671930525e-01,-4.105054549670998920e-01,-9.405767803171627417e-02,-4.756868002898422265e-01,-1.573890156584096811e-01,1.222310588397949038e-01,-2.209320517714016274e-01,-2.902500503443649071e-01,-3.842967666729063536e-01,7.714024402034180827e-02,1.952700059046860170e-01,1.719571405958223442e-01,4.488610207205073754e-01,-4.972967861064973016e-01,1.471966538940360225e-01,1.003922370976395584e-01,8.873960997028818021e-02,4.627703198402424167e-01,-4.831283266299603030e-01,1.964824307014501059e-01,3.136786497018634323e-01,9.807196621584135521e-03,-1.660351304031908448e-01,2.908401632274049131e-01,-4.027570743675753517e-01,-5.796436227007473185e-02,1.995237457083820498e-02,1.939564109345475185e-01,-4.091142679675905391e-01,-2.722404984621390467e-01,-8.969843730987436814e-02,1.232946730201306407e-01,3.869607812174175043e-01,1.188261682413764841e-01,-3.665385290650655659e-01,4.805801327872823991e-01,3.717857347554929248e-01,2.720761145324046559e-03,4.223479817966330208e-01,4.138079375713576979e-02
4.233060678891631401e-01,3.298973686033431774e-01,4.682864102942972950e-01,4.197828107781583773e-01,-4.639661825714305188e-01,-3.252279958390600356e-01,-1.108653228988142336e-01,4.521426972954207812e-01,-1.999710805240704214e-01,-3.395323561123989586e-01,3.863046660865598891e-01,-5.360558451679708902e-02,4.078755943543260765e-01,-3.397695336798567389e-01,1.611175115080994980e-01,-5.973624717050818322e-02,-4.235132309697146047e-01,1.964631446525005876e-01,-2.526012444608463081e-01,-4.603844774204822743e-01,-4.400557017504267421e-01,-4.389214629332126583e-01,4.077329574850394600e-01,2.398839178291010121e-01,3.980623572137350630e-01,1.725823112965213513e-01,2.893992903088316027e-02,-1.955536356526217379e-01,4.979622513286734442e-01,-1.378109410606106477e-01,-2.935105078609046014e-02,-1.217548250765382312e-01,4.795269293354585960e-01,-3.253416146049942226e-01,-1.720119990919203312e-01,1.803486660150015464e-01,-4.367923816613693555e-01,1.072493740115409988e-01,-2.235349712358392082e-02,-2.160000232378989082e-01,-2.615867190759419980e-01,1.451274329875673619e-02,-1.320724194629586679e-01,-4.348010873734464710e-02,-1.625226182357600857e-01,4.704936935959775912e-01,-3.665605682543959798e-01,-4.031960468216257976e-01,-1.566082712090839379e-01,9.102690087049125633e-02,1.591764718500282560e-01,-1.027432528319579541e-01,4.992779939221710928e-01,-1.481070038069574046e-01,2.214066679599524523e-01,1.375826945307928595e-01,3.130538632474606509e-01,4.762256634538200029e-01,3.897936564455402042e-01,2.645619743577085625e-01,1.982484778182905805e-01,-1.645018303241003732e-01,-3.523144217932926425e-01,-4.373639969401902361e-01,-2.580982957985151760e-01,-6.771851881870138978e-02,2.199627362998246571e-02,2.730835540548716134e-01,4.587409230565929752e-01,-3.826795196151889789e-01,-3.929958598062084363e-01,8.969472301355074784e-02,2.453980739472929606e-01,3.481503803469848668e-01,4.358320802167885422e-01,4.834262422606420140e-01,-1.001983077754741158e-01,-1.196648164724268826e-01,-3.521913233027276213e-01
1.849344386835594101e-01,1.567619584408370681e-01,3.620625958512072584e-01,-4.027420052123593663e-01,-2.223092174658214404e-03,8.108192967206306889e-02,-2.584429599600815974e-01,-3.309745938708387181e-01,3.595808364196214635e-01,-4.414650777644412161e-01,-2.937909608192712518e-02,-3.841659986991147191e-01,-4.294123866863264194e-02,4.799623263423092867e-01,-7.629364654452719385e-02,3.571249175045673185e-01,-3.826844358168061122e-01,-2.287479232381358640e-01,-9.620725933266549568e-02,-1.001878599906692591e-01,1.713834786701531332e-01,-1.552818726244923342e-01,2.137668684100163530e-01,1.391868992253925130e-01,-1.008388547452269135e-01,-6.823987234568074101e-02,1.145276998103207378e-01,-4.299578098553553662e-01,3.224067383556903366e-01,1.534211611136369058e-01,2.263424644178352318e-01,3.692300108239043865e-02,-3.895228890082552686e-01,-9.496438670305007435e-02,-9.462641715144393117e-02,-1.789570099567830974e-01,-4.700496750952506408e-01,2.372542425964773161e-01,-3.902155419374992995e-01,1.063081330450851292e-01,2.032174964672157635e-01,1.347863229336947466e-01,4.591422519779749800e-01,-3.967018449148613790e-01,3.671671591051991479e-01,-4.708097651510867454e-01,3.491685492708396232e-02,-9.575638206074121861e-02,2.418386039375819418e-02,-1.349001229399902080e-01,-3.094330850599319449e-01,-4.808771025513102204e-01,1.814981379117430738e-02,3.427768626848423095e-01,-1.267840442552058411e-01,-2.771361819850197694e-01,-4.194679965281559175e-01,-4.146890768812966366e-01,-2.786035537072277801e-01,-3.999859390784448188e-01,-2.349603016355179541e-01,-4.338505378830452841e-01,-4.343951327900743564e-01,3.562761796227819078e-01,-3.378797392911667696e-01,5.968240582344797041e-02,2.734555444490305298e-01,-4.359043466093337482e-02,-3.466311221406542797e-01,-3.004038578798856607e-01,-6.701579371881927205e-02,2.823408917853575950e-02,-1.505597079514651160e-01,2.814796002346613424e-01,2.510216488563984383e-01,4.272118073731179244e-01,-4.710474509730394610e-01,3.956912912102034108e-01,-1.074312115378489585e-01
3.783724953799940671e-01,1.907847761565295563e-01,4.873487570739681862e-01,2.592824517166680831e-01,-1.354553740032133913e-01,1.063172834752101892e-03,-1.236108448056487674e-01,-1.350881639787618882e-01,-2.390955006189402487e-01,-4.029704626530405953e-03,1.817399450693611973e-01,-2.226597286947564758e-01,2.437981107721998164e-02,-3.826197058294428244e-01,-3.401547131458086959e-01,-4.531936452878112531e-01,4.707314427706328352e-01,-4.961396484897389048e-01,-3.214200319423436980e-01,1.128667531169923466e-01,-4.186304011466946973e-01,3.818965030968323182e-01,2.196201578422881662e-01,4.663899714378934025e-01,7.635547240764872789e-03,-1.995963168415127997e-01,4.950057279527142473e-02,4.308187172979731638e-01,2.076143724186052530e-02,-2.327929681376813553e-01,3.773987891741196199e-01,-1.280812514875386832e-01,-4.986166500010008606e-01,-2.523149775076840573e-01,-1.817664908229376097e-01,3.587774682319021524e-01,-4.149683293355499458e-02,-5.541271218869925352e-02,-1.638977336001126162e-01,3.806781230470795974e-01,4.450267769403913887e-01,4.918903291546293799e-01,-1.232587330390132463e-01,4.661474456271713640e-01,2.918795696309013366e-01,1.756891476442667965e-01,-2.551105205799005793e-01,-2.835427390557901939e-01,-3.339521754787543317e-01,4.227566102253653701e-01,-2.059233376168339014e-01,-4.690575455112155900e-02,-6.042166012776517547e-03,2.781715954502541610e-01,3.442349615530241325e-01,-3.609272988513871905e-01,-7.309563978892630320e-02,3.428548878354571450e-01,3.180333057558384358e-01,-3.975862415475835965e-01,-3.436166511320369876e-01,-1.958013084005921778e-01,-4.246409309166596646e-01,-7.533699715940711528e-02,-3.923822948504180896e-01,6.821759366984503359e-02,-2.534430601888438828e-01,9.643306534962270415e-02,-3.824743570963623496e-01,4.758838684185333623e-01,4.325612038573404261e-01,-1.082030614353342024e-01,-2.578214058739145553e-01,-2.496017871464272231e-01,-1.660646479760796712e-02,-4.600071980992830323e-01,1.397051060751269835e-01,-9.169709166025519220e-02,-1.225934274111126765e-01
3.093649714891983926e-01,2.090354601832900006e-01,4.543338153926920198e-01,-1.480637595043092780e-01,3.975427646494055223e-01,2.699671862500888642e-01,-1.425753484052869613e-01,1.216654364532577803e-01,-2.114300423483044256e-01,3.743999170748423255e-01,-3.875726827876887493e-01,-2.875656387059589703e-01,-3.169667079200788606e-01,-9.697399759571134759e-02,2.452329600321291325e-01,2.690744905218034333e-02,-1.232367646179244325e-02,-4.994540351030043457e-01,-7.459827464494528382e-02,-4.364462251638415724e-01,-2.917467478785161772e-01,4.323939389604943839e-01,-2.846017956567618024e-01,3.583376386342624897e-01,3.028933715613342237e-01,-3.408537630577571642e-01,1.057119572702788224e-01,-3.843381280949866863e-01,2.278881583695114843e-01,1.374622773722066205e-01,3.119385616910193004e-01,-2.061545061081193619e-02,4.148630878333828820e-01,-4.506510532115602929e-01,-2.071114349729853421e-01,2.150525974651670280e-01,-8.189078825199913592e-02,-3.270486457288436233e-01,-3.927892545714539718e-01,3.173391114616214148e-01,-2.685702153435576278e-02,3.822836719191073929e-01,2.332891343167260434e-01,-9.027379436925642153e-02,-1.264889858443163373e-01,1.563834665125174439e-02,3.890599531897286356e-01,2.372785797141678810e-01,-4.948470357309767698e-01,1.941578513691255559e-01,4.195074069058206678e-01,2.104557595044915796e-01,-3.229942184325040877e-01,-1.648187257254130067e-02,-3.596839820765805884e-01,-1.410047216603679265e-01,4.371170419405177032e-01,4.233053075587083214e-01,-2.171631478239171020e-01,-1.603689558338008414e-01,1.002128681312939307e-01,4.631972952603800042e-01,-3.521986659346095783e-01,-2.430833563133308894e-01,3.735568272907714427e-01,-8.107768291655492732e-03,3.989610922270316884e-01,-3.144821024768237328e-01,3.266858747136069940e-02,-1.737303673506276347e-01,-1.834574401075239614e-01,-5.312303605380086502e-02,-6.692255089873155871e-02,-1.426531203220455790e-01,4.149707703156185756e-01,2.317441854328927686e-01,2.275469913315296688e-01,-2.100865504080445811e-01,7.770942431684035867e-02
2.791794333018340346e-01,2.955903685432130779e-01,-1.554695392456877379e-01,2.708727565686478433e-01,2.358938968077329834e-01,-3.584935143780997313e-01,3.659454685664772500e-01,-5.867852981958920910e-02,-1.358955111133453020e-02,-5.163082110200267749e-02,6.784600147750752264e-02,1.211692473670546999e-01,-1.820434237056578475e-03,3.667885432590956007e-01,1.277347561952844046e-01,-9.857205069448005119e-02,-8.330824309128903593e-02,3.108386151289513899e-01,-1.518080572534799000e-01,-2.885452042175864484e-01,-4.406168119942107664e-01,3.760268479205741698e-01,4.185464511903499440e-01,-3.798798178365240252e-01,-1.655262585038851375e-01,-3.246279304847561331e-01,-3.841015311741202698e-01,3.998667430000302225e-01,-4.431227408546445368e-01,4.804856634690067851e-01,-4.035491393026158224e-01,3.634706491935857375e-01,6.650610698916270547e-02,-1.320825121821266324e-01,-1.576576233748421263e-01,2.573641432377087312e-01,-1.854267049957127877e-01,1.573189166171418130e-01,1.732608351608011521e-02,-1.503435484192949811e-02,4.011621706491615980e-01,5.464505862025959004e-02,3.268616030486949375e-01,2.255735341014893924e-01,-4.614427539410016488e-01,2.731100525054191985e-01,-2.831297499089593384e-01,4.031496468515715081e-01,-4.570758093911679865e-01,-1.669279655256812323e-01,-4.002670527652459898e-01,-2.441088291515625119e-02,3.200224358697517646e-01,-2.018126403369359112e-01,-3.490651026889584063e-01,-1.697329643031008084e-01,3.138801419206359578e-01,-3.596160422006531299e-01,-2.726375509224981952e-01,-4.311480355066260595e-01,2.057100439896076827e-01,-1.047667564636631798e-01,-1.891600228566839847e-01,2.186263903411519438e-01,-1.640224576597447692e-01,2.277712732144180352e-01,3.151993953143135130e-01,-2.823371565422615470e-01,4.738186968459833226e-01,-3.376420520873332221e-01,-2.091590933432574406e-01,-3.202047091664583789e-01,-1.544943436436655437e-01,-1.993911217924437818e-02,2.217586900211909740e-02,3.536060422962720162e-01,3.894479088158665503e-01,-2.798961392190936204e-01,1.228940321857524554e-01
-3.885039427012844104e-01,-4.103013981793168785e-02,-1.776664619533818712e-01,-1.834992545463935976e-01,-1.741575828789898583e-02,2.298276355292675488e-01,-4.308173412076105047e-01,3.791733376874044659e-01,2.348137746305610785e-01,-3.235006111109398619e-01,4.391609090873703769e-01,6.312224023388601779e-03,4.998085781169653297e-01,-3.027405256992623528e-01,3.490819838320136093e-02,-2.097519574400715792e-01,-1.958264426107534373e-01,9.106538083399018380e-02,4.217190668708332701e-01,3.052638555791750141e-01,2.239413985013258834e-01,5.917378210170221031e-02,4.222985036674477000e-01,-7.638593309115870866e-03,3.738321783347181571e-01,3.339816438766317619e-01,-2.861646531984134434e-01,2.712254629659102134e-01,-4.878288430567412348e-01,-1.771704624519124804e-01,-2.704325553080502154e-01,6.862958487313441935e-03,2.368531616807855178e-01,-4.023236325522758783e-01,1.492220193676840889e-02,4.384120216943856452e-01,-2.713534490170544933e-01,1.771411441114241203e-01,9.288027078115757007e-02,-4.899363043439066701e-01,-2.417380414277725542e-02,2.087703909410486558e-01,-4.560245679759094006e-01,3.795214830237301218e-01,2.008141663567308832e-02,-4.693389516742820788e-01,-2.755863880791598053e-01,4.536756964273129800e-01,8.231973305205531055e-02,-3.925274322311954611e-01,-2.124554977194385019e-01,-4.329637413951581415e-02,-4.790499307322695355e-01,-8.838448638624119003e-02,-1.054136456530185839e-02,-2.563221247187678076e-01,8.863900029198656938e-02,2.532401195921768489e-01,-2.641657758943645185e-01,1.204999002799876928e-01,1.396222429637415940e-01,4.485403011288410235e-01,2.782761672964437771e-01,3.483452697900060180e-01,-9.580091563724857373e-03,-3.146514130206171656e-01,4.958152929596350011e-01,-3.706442389613003874e-01,-2.854268064573461938e-02,-4.319069007578933972e-01,4.438508573508195276e-01,4.649249408484396051e-01,2.193890620039735673e-01,-1.500071563698310850e-01,-2.456175988823756651e-01,-2.346966754629525864e-01,-3.727059745799252699e-01,2.580895307672292915e-02,-3.581827242985224924e-01
-1.832693334465437252e-01,1.267064759591048917e-01,2.275436095907498180e-01,-4.757272953779387858e-01,-6.988401562326007621e-02,1.521245948421390271e-01,3.532459761585128311e-01,-2.467521778791759157e-02,4.692058717176852412e-01,-2.343674524585527275e-01,-4.864912933732811195e-01,-1.624713529826382619e-02,-2.438862049799820353e-01,3.237176720231693672e-01,-2.672273278188879164e-01,-1.893707817086937029e-01,2.912274310191123039e-01,2.151432520253599989e-01,5.805123665726252824e-02,2.049480619227594946e-01,-8.136313642997350382e-02,-4.946899523853321989e-01,-4.886448714878074417e-01,1.122178757368663682e-02,-4.167090202810007638e-01,-4.489245198307432183e-01,4.655166391374733204e-01,3.590026396580585644e-01,-3.479727727904304846e-01,-4.993357814097955094e-01,4.416677953897564235e-01,-2.216747016798856773e-01,-3.141023971445024987e-01,1.915081078315352681e-01,-3.910962611586737969e-01,-2.353504019971996986e-01,4.750946802120464829e-01,1.394627744740102315e-01,2.067779148255355359e-02,-1.020813851650622661e-01,2.745009548842020086e-01,-3.590425234763062745e-01,4.673378020369821639e-01,3.611230080657866770e-01,1.176569825692432847e-01,-4.570938095974418358e-01,2.008556494477377052e-01,4.132843408854808276e-01,2.457706747862598018e-02,-1.457751781727372187e-01,-3.797226550205303752e-01,2.549011041375682796e-01,3.850218512118062097e-01,-3.997482559241514188e-01,2.589845547523419445e-01,-4.829395137409024930e-01,4.670549180772195497e-01,1.150580206350961809e-01,5.243905899163314732e-02,-2.040501664110722091e-01,4.292916715697834285e-01,-2.340943726632089827e-01,3.281466132166949157e-01,4.851086793371319761e-01,2.833966455148058117e-01,1.898992038643176894e-02,-4.339257361483280784e-01,-2.758621082892698251e-02,-6.174405302829644171e-02,-2.972039588130047649e-01,-7.641236328569556147e-02,-1.422421159196612939e-01,-3.363157388483515309e-01,-5.862585666751385371e-02,-2.372000436755109520e-01,2.206242068226438313e-02,-4.648399402838058192e-01,4.062314197872841648e-01,3.163643055198560594e-01
5.258133251050456369e-02,3.518085827572431379e-01,4.623950738108004721e-01,-3.894777059473394365e-01,1.308318084098037959e-01,4.979940009356585984e-01,4.878891693335261071e-01,1.033229922907445975e-01,-3.719791295491833294e-01,8.319283099052821040e-02,-4.979353644255782863e-01,-3.010886653331403817e-01,4.561231595599599675e-01,-1.695594273971561261e-01,1.383901057769485465e-01,-2.191405053677573100e-01,4.478218871115895450e-01,2.285587299494867830e-01,-1.703488424185873873e-01,2.917614211803708502e-01,-3.918344755236623511e-01,-1.076810599345405794e-01,-2.787818722684076711e-01,1.837264472760462564e-01,-3.975537182280696191e-01,-1.029741677173259262e-01,-2.233502697908104073e-01,6.342919323804152576e-03,-1.501023194961210727e-01,2.064105776670109860e-01,-4.754229756930339335e-01,1.339869213059075026e-01,-2.694287103061799860e-01,-2.312909712431506781e-01,3.002556035835235448e-01,4.555683939804208160e-01,-1.834497899729133907e-01,3.268052703690756955e-01,-3.960091620287669034e-01,1.339816530073831835e-01,2.510322995349187902e-01,-3.440220719655434634e-01,-7.399761233043944397e-02,3.927071642489815551e-01,-3.964215365516278178e-01,-4.819036417985248510e-01,9.058537904793373396e-02,-6.446845946906654135e-02,2.986892488839026916e-01,4.234555382041066407e-01,-2.008463554561839004e-01,-1.115958828308947215e-01,-1.372791367068515456e-02,8.815146043529931141e-02,4.838538296816167206e-01,1.973302508300515123e-01,-1.104514926544312159e-01,-2.362323135495378867e-01,4.446257184221240610e-01,-3.644515668914936057e-01,2.202658525047580529e-01,4.253950252924406650e-01,1.646655865344386349e-01,-7.694555983387885156e-02,-3.010090600745159994e-01,-1.325246777480727500e-01,2.068718094201220659e-01,1.495342241752968260e-01,4.279761665983579100e-01,3.668609136593748987e-01,3.161507522663683512e-01,4.114508753507623018e-01,-2.236628472629506037e-01,-1.304764598603505021e-01,-1.201060962139826049e-01,6.045058870978026189e-02,1.682182295427709917e-01,-2.132833169596056733e-01,-4.805375326906996536e-01
-1.007776163420907034e-01,-1.914720404455995117e-01,4.421847190180479004e-01,3.882650405440435382e-01,3.603106783434195659e-01,1.529997609452430352e-01,-1.557108353010611124e-01,4.884926739930472994e-02,3.152250407163726953e-01,-4.013896312771889630e-01,3.010748802553047110e-01,-4.588202086718783379e-01,3.164210312143557191e-01,3.075638041598734995e-01,-4.489926911712441848e-01,1.271607114618582557e-01,2.453074312897207676e-03,-3.301804968282853192e-01,-3.516210623226243559e-01,2.732591260670231836e-01,6.769274883684406330e-02,4.829991349165324577e-01,4.822477772883441149e-01,4.926669934642663451e-01,-3.813844816342341071e-01,4.382561369639622617e-01,-2.554303909794372052e-01,-4.178774024138798282e-02,2.574065558217258909e-01,-2.963790679227680247e-01,6.631160555432991099e-02,-3.141832517740043018e-01,-3.952638933187067050e-01,-3.834413875704014707e-01,-1.423609651517812047e-01,-4.953451631628165153e-01,-7.514607879831047832e-02,1.641971050811490418e-01,-9.831181499601127083e-02,-4.142053994801648820e-01,-4.373111379763594542e-01,-2.218834872351382881e-01,-3.306873094563992366e-01,4.650949732179694429e-01,-3.487697750259149965e-01,3.054624374049965674e-01,8.610794174114477784e-02,6.928691998429437060e-02,1.208071592378456849e-02,4.717630761139510742e-01,-1.361552249083621824e-01,2.879157509538762261e-01,5.529410746695961887e-02,-1.043663323742738402e-01,4.554659333057808901e-01,9.831596936468711689e-02,-3.810830578539864399e-01,-8.246079900314340350e-02,2.815817276816076076e-01,1.937470232392137781e-01,4.163403298365742078e-01,-2.406226158584797714e-01,2.581937163538238211e-01,-4.012479260547907600e-02,7.360974696681543694e-02,4.550466810062829826e-01,4.792863199891773673e-01,3.615909639255635577e-01,-1.409029122697037506e-01,3.877008357273198369e-01,1.386091776414130061e-01,-7.000321952928689750e-02,-4.642573174995162644e-01,2.701281241915821640e-01,2.105580724113043090e-03,2.861884994650607528e-01,2.480227993432698730e-01,2.935673680483519288e-01,-1.993488413032331596e-01
3.007985990676309562e-01,4.884632846616732138e-02,-2.667379955085680265e-02,1.751259138207569288e-01,-4.786413170616516943e-01,-3.976831841124057743e-01,-2.078226348324779815e-01,4.829901099578396417e-01,-3.602542211350450163e-01,-1.694036992407896847e-01,-4.489469353080763891e-01,-1.687311197072737246e-01,-1.796737134891683851e-01,4.468071709445221584e-01,3.451540869957203661e-01,-1.172357807572285138e-01,-4.752309419607513297e-01,3.310311139953782122e-01,1.605361771445401597e-01,-3.476355163486902766e-01,4.960712710101872203e-01,-3.997665625758769492e-01,3.671145415936628575e-01,-2.057338358703110215e-01,-6.464653367484296531e-02,2.954565267763146208e-01,1.775083559940102695e-01,4.378643744440391394e-01,1.211403254603832247e-01,-4.021898385209472515e-01,3.843603632419503313e-01,2.691555249885910772e-01,2.118704508933220154e-01,-4.462664526462646331e-01,-1.037772553382559915e-01,-3.325641805404607743e-01,3.219039084078689772e-01,2.005286228178627672e-01,3.830775973191352657e-01,4.665751069241639293e-01,2.747476141924986015e-01,4.942330832207620928e-01,1.147698861442988383e-01,-4.628703961085521845e-01,-4.857484848497041208e-01,-1.578961247962112902e-01,3.234717190675371334e-01,3.661347063247309963e-01,4.608125288226778693e-01,-4.348785314511816047e-01,-4.554288890123359135e-01,4.132835963670337120e-01,-1.949533016371384209e-01,5.798740060963269993e-02,4.824448830007098676e-01,-9.955146526407665508e-02,1.658713983098398792e-01,-9.912043636801470825e-02,2.681946644627797305e-01,2.771472557286580596e-02,-2.624768620136502806e-01,-2.286938987415337854e-01,-2.419407874615927545e-01,3.232032825856079317e-02,2.031890160156643033e-01,4.492799000431421108e-01,1.940873750829799071e-01,2.811928439623906373e-01,-3.310738841354343709e-01,-1.259373749926743224e-01,-8.621978014173392602e-02,1.863802300004729906e-01,-2.041080236231264111e-01,-1.967080785803339005e-01,-1.441108453591318783e-01,3.103020815432322443e-01,7.759009004334871396e-02,-4.247227201672655328e-01,-4.217539003095311934e-01
-1.287130557175006906e-01,2.665910506061582863e-01,1.886834264786805271e-01,2.079823546511866406e-01,2.672100660540969175e-01,-2.128472871136706246e-01,4.825628194208797517e-02,4.335264031676955288e-02,2.396325011799492755e-01,4.568705691056463847e-01,-2.220100552045340958e-01,2.932816727570481952e-01,1.599705485232624236e-01,8.023787086346012565e-02,2.748797793474019313e-01,4.440324664280993483e-01,-4.633085821305870100e-01,-3.525998974867793345e-01,2.562872315011157642e-01,-4.162086470899154511e-01,1.612370074109303886e-02,-2.801392233583930302e-01,-2.257042961572485185e-01,2.018404829444162552e-01,-4.698072267312883854e-01,3.733194279019036443e-01,-5.552104464773000014e-02,2.393293907101079476e-03,4.004796369369190145e-02,1.455442945794939158e-01,-1.551434133772519042e-01,-3.988925094365086688e-01,-1.816210633338234404e-01,-3.318578819771796917e-01,5.613317945047391344e-02,-1.819713690396135286e-01,4.580671779934348820e-01,4.657342779802806643e-01,1.201258805682414721e-01,1.174972676672859651e-01,4.853785645671059301e-01,3.872831512351859740e-01,2.650699491581399725e-01,-1.864093882572988026e-01,-1.344609718819236299e-01,-2.987332342391345597e-01,-1.285187308262536465e-02,4.903685221395795990e-01,4.121509530115887721e-01,-3.816505659805309314e-01,-4.748097107094938485e-01,3.986376684082661992e-01,3.717012794870744319e-02,-2.998101117915438207e-01,1.736532695846353391e-01,1.442231779298199790e-01,-3.779143931635328135e-01,-2.403997665023804853e-01,-4.399220356867420412e-01,-2.901395261298580497e-01,-3.676943251469371177e-01,-3.067637075254439072e-01,1.854671459131169708e-01,-4.505002557389322648e-01,-3.981453847517835154e-01,-3.658263619217123619e-01,-1.834588790418659743e-01,-2.012496891480590744e-01,-2.449362146833605758e-01,2.505366534324162675e-01,4.980227877581006046e-01,3.397792362879581418e-02,4.442027179139420578e-01,-1.033898878739353266e-01,-3.933175531972865624e-01,-9.122617053016268684e-02,-2.038722265853066817e-01,-6.593037710821869624e-03,1.570436769164231805e-01
-3.894978084759181947e-02,4.351605120778255786e-01,3.847648222993799161e-01,2.019775951661971769e-01,-1.031508763545085916e-02,-3.683127181855431198e-01,-1.029863332223666106e-01,2.044015394011736708e-01,-2.151144794462688248e-01,-3.960119224565795681e-01,4.078984575106281429e-01,2.090508098155445804e-01,1.152764266350971845e-01,2.924989056089165596e-01,3.356460375834756649e-01,-1.654100182897666471e-02,3.811882514094400154e-01,4.164190107011054298e-01,-2.284489045752186032e-01,1.075453597907942704e-01,2.658402882046917437e-02,3.794577915190244788e-02,4.376630939645620444e-01,-1.948112973069709986e-01,4.834339782345762337e-01,4.021312148042320844e-01,-4.127711138649736711e-02,3.174532636181661704e-01,2.690469943201405645e-01,1.778949696185212481e-01,-1.801661106168457316e-01,-3.035490081790460648e-01,1.715276967657581864e-01,3.429732964010842045e-01,-4.837472113226303216e-01,1.428033753085120594e-01,-5.712697537778754775e-02,3.980877551269835779e-01,-1.785270691457947478e-01,-2.581518773637825337e-02,1.476710403518632919e-02,-3.595604786289470223e-01,2.128923026989063549e-01,3.304763451209595804e-01,-4.420907231037397578e-01,-2.086111794630972627e-01,-4.619553184649420885e-01,4.565441046882423581e-01,1.671688207038235507e-01,4.642004194547815210e-01,3.149427833130780119e-02,3.020685238956138940e-01,-1.255860161202599912e-01,-1.461809674273590876e-01,-1.217321828948673135e-01,1.578621337264282110e-01,-1.405468489783477937e-01,4.003674516042255993e-01,4.832748650501552667e-01,-4.695734846629940895e-01,-3.063767095975035160e-01,-3.877500074126140062e-01,-4.576359529085567424e-01,-2.722590066527135200e-01,-5.320667963091885166e-02,3.369903652886837575e-01,-2.781759694900038937e-01,-6.054744337798734222e-03,4.296187394467544385e-01,1.672147067866749381e-01,2.980790197559974875e-01,5.099397018548623706e-02,4.804664588406299952e-01,8.866215468147420342e-02,-4.544892860374084576e-01,-3.020172000602051599e-01,-9.522637104285203158e-02,1.012771725737763306e-01,2.719308674089598865e-01
-8.691387409611373016e-02,2.100583050156886733e-01,2.898695031091249596e-01,-1.827398027500172217e-01,4.792702400358185288e-01,1.496564952358355738e-01,3.809980607861311874e-01,5.593768880860672255e-02,2.416031071523236928e-01,2.705440616163653500e-01,4.082483792345790174e-01,-3.496502431286296897e-01,5.828342416924847669e-02,-7.162148689414371550e-02,4.231590211737402685e-01,-3.949053057510008014e-01,4.825738886809127770e-01,3.754513240932962903e-01,-4.261737184357514696e-01,-9.033614459525551865e-03,2.175595002125259025e-01,2.381515456910564543e-01,4.064941252379208336e-01,2.998654355823109352e-01,-1.890696196559105147e-01,-1.565214137547621398e-03,2.017857629358540406e-01,-3.615631586356485849e-01,-3.060092023998026711e-01,-1.895755189012737763e-02,-2.017542012944872898e-01,3.625592497840949280e-01,8.627732152061795556e-02,-1.513348022816323191e-01,3.488330256044100963e-01,3.048784485542388456e-01,4.983548770992695109e-01,3.473076883337348209e-01,-8.554346519432032281e-02,-3.725011182300115298e-01,3.406409082004778766e-01,-4.402420820396060197e-01,-1.497287926551458259e-01,4.197379807712737776e-01,4.607664734451006883e-01,1.405645935212184172e-01,1.886483169837135376e-01,-4.575455112744775121e-01,1.448034108954787680e-02,4.686817880634119859e-02,-1.598992538758888804e-01,-4.314031652461156607e-01,-2.710924002756059936e-01,-1.420160631388036609e-01,-6.485801348367037367e-02,9.092672553356917486e-02,2.223915186982363679e-01,-1.823681267260538474e-01,-1.710462400810168759e-01,-4.803083572762962827e-01,-4.591251399059816940e-01,-2.421783056914635912e-01,2.402449976749566618e-01,1.283138303739121966e-01,2.697890206778347233e-01,2.689194362148217277e-01,3.565674676693012524e-01,2.203192659868835612e-01,4.790109190008228213e-01,3.988252193018173575e-01,8.671716622323422108e-02,8.815767049117173570e-02,-4.657329596477705058e-01,4.985265777083542904e-01,-3.684240026338582163e-01,2.403471966315919861e-01,3.210151951243088719e-01,-1.269454706947967804e-01,-3.031479453346862529e-01
-4.012401132094449707e-01,2.486060058295778141e-01,-4.734647079430431837e-02,2.137177590011356543e-01,4.154076488518005927e-01,-3.534162638489433128e-01,4.191710007237996471e-01,-8.837354049156331826e-02,-1.947329901027109456e-01,4.430622606027790900e-01,4.906516926063994033e-01,-3.011077822325518571e-01,1.568383469519832873e-01,-3.935046862289396374e-01,1.509140038575057519e-01,3.273132277758497022e-01,1.844985465240676081e-01,-8.266685793740424781e-02,-1.169336404362304460e-01,-1.068775847765829345e-01,8.971181799292315961e-02,3.815672700724955790e-01,4.290661572687678449e-01,-4.464703797926818929e-01,-3.183776053543116991e-01,-3.877756841717114877e-01,-3.066653592330860212e-01,-1.533921893908282152e-01,6.531682622623824486e-03,1.294612270091521911e-01,2.321422191397014556e-01,3.901115413858070591e-01,4.890884372297907845e-01,1.628564785571198215e-01,3.453645186677629653e-01,2.780388469246989347e-01,-1.924679607812880278e-01,3.756922702349230203e-01,-4.572368620522011540e-01,-4.996326562485421396e-01,-2.262673706115357897e-01,-3.790247037255012330e-02,1.383628950006773328e-01,-3.982297334554552037e-01,1.730101338348399853e-01,3.018158670596945425e-01,-3.146870804206332028e-01,-8.487474516820614490e-02,1.998498995330977301e-02,-4.819298191551935062e-02,2.998299308884706527e-01,4.605223981193308225e-01,2.989531640081799502e-01,-4.220071821241754284e-01,3.049355721591271440e-01,-4.334036677644488300e-01,-2.640296147584300090e-01,-3.469031031642771934e-01,-3.024808931539145762e-01,2.831512705735061974e-02,1.716898576108536467e-01,-2.967871766395902000e-02,4.596956390292435968e-01,-2.597076799698333494e-01,2.631402302547929395e-01,3.701821785071485182e-01,6.206611075471912820e-02,-4.377749803844688259e-02,9.618444677924364861e-02,-7.119022983965705986e-02,5.519388232336941424e-02,-8.306604787119842292e-02,-9.953028970586597080e-02,1.953464681395298275e-01,-4.071487869320320474e-01,-3.334579272711791775e-01,3.511984717150039570e-01,2.710773468151880250e-01,-2.185462727056062260e-01
-1.227310673342397740e-01,4.260265066284805169e-01,3.180772251738612777e-01,1.143462999796308610e-01,-2.785098211970422621e-01,-4.557480286847304107e-01,-6.874215315810183746e-02,1.726271392574618702e-01,3.284804905178515533e-01,3.526890057422693570e-01,-4.672240987066366147e-01,-2.558429661631206331e-01,-1.609054115225969639e-01,-3.112677890406141401e-01,3.029753783638378106e-01,2.674657630849425205e-01,1.683304038097077626e-02,4.829264779958555298e-01,-3.559414589091577374e-01,3.996517033276688613e-01,-3.835367458380838368e-01,-3.368182944858792993e-01,1.962192002506187860e-01,-3.904303079583106850e-01,6.584509541871086391e-02,-7.976646352734639844e-02,2.284739655410148451e-01,4.006752388088651307e-01,2.698715146690553457e-01,3.496898764211883170e-01,-4.670545514687676203e-01,-1.898045017557968839e-01,1.543308668633236458e-02,-8.404668537022053076e-02,-2.687450470203115449e-01,-1.921259020399767037e-01,4.454309703916057295e-01,-2.058191201286484473e-01,-1.460958898202142642e-01,-4.962902262499813144e-01,3.450776272778744991e-01,-3.451592965984233707e-01,-2.958557244862739521e-01,-2.447354829079744221e-01,3.846220568448426302e-01,-2.935485887536852800e-01,2.975263608679399319e-01,3.080493403229045413e-01,4.270205687863958266e-01,-3.844386863996860360e-01,-2.827210276621686669e-01,2.428982920807213342e-01,-3.039992457192609576e-01,-2.136704531265509743e-01,-3.332584198886373583e-01,-3.273033138449507051e-01,-1.844664537179430130e-02,-3.903169378870414707e-01,-1.783023815363777853e-01,-7.340609040112100470e-02,-4.754518834760224077e-01,-1.116668335255474043e-01,-4.058775639144830416e-01,-6.421468853823331102e-03,3.257381885570963531e-01,3.184221621817872050e-01,-4.195514844625994888e-01,1.012277576745201912e-01,3.345863819712364684e-01,-2.620274570653646773e-01,2.619265114495991087e-01,3.907643464500932806e-01,3.061241514404441366e-01,-3.926989684844954809e-01,-4.909400004776151016e-01,-3.082758900781543687e-01,-2.295226590533767652e-01,1.161829906159594916e-01,-1.157268247576815901e-01
2.034070306614734758e-01,-1.469250394783914171e-01,-3.455745753453997038e-01,-1.873101565139648761e-01,3.843242263891349930e-01,4.585323442450648379e-01,-2.924872659326315238e-01,2.884683870244413306e-01,-2.266512634601293152e-01,3.871315434314075432e-01,-3.344543872037445409e-01,1.659599186940569071e-01,-4.157887352868174791e-01,4.738933239738695180e-01,2.006333446405428322e-01,3.418157394050852504e-01,6.666933936303454100e-02,-2.319863607113981097e-02,1.218823913943650750e-01,2.874151169944805240e-02,-3.061564485484702391e-02,2.594502514576427776e-01,-3.217990450607318698e-01,-3.288279518448414818e-01,-6.815734935029382768e-02,-1.792520839550539868e-01,-4.258754820869758984e-01,3.444704924187343975e-01,2.716028066943497743e-01,4.392149980298476475e-02,4.793245372643689661e-01,-4.273999334523946869e-01,2.666693010278750053e-01,-2.336296083909031873e-01,-1.314010800564245907e-01,-2.807206147969324439e-01,2.890378914618652040e-01,-3.557598979784339921e-01,3.400166977352779840e-01,1.615776482298338923e-01,-4.409767547308852675e-01,3.109817316001534104e-01,1.277557161629794269e-01,4.049823195783415208e-01,2.487223064086382385e-01,6.112092742977481841e-02,3.365471806191977500e-01,-2.219497616987778921e-01,4.695006184456362863e-02,-2.063831801965898549e-01,4.682043910905087092e-01,-2.738036991579936297e-01,-4.842617603295374940e-01,-1.741451579962037810e-01,2.509396969804678079e-03,-4.716370657699249236e-01,5.924830003390735289e-02,3.742827749512301905e-01,2.047321944166701213e-01,1.229683229783042897e-01,4.559617507082512899e-01,4.582793338421058404e-01,3.242664697032285881e-01,1.077418473858510195e-01,-1.223544050229330438e-02,-4.866838867535326907e-01,1.062619062265414138e-01,4.890880753568537243e-01,3.181010500240289973e-01,-1.593953561156480347e-01,-3.479529749555779761e-01,2.840586144671540803e-01,2.439378206317415199e-01,4.670467919793230838e-01,3.748423619393388417e-01,5.566262527240739555e-02,-3.987157530352578583e-01,-1.649934161603994198e-02,-1.863049459776829897e-01
1.240848202483979534e-02,-1.982984253603468083e-01,3.618229919755957535e-01,3.443270139828221721e-01,-1.845348428329440793e-01,9.958134637399496114e-02,-6.981914236094588500e-02,4.090927570285631809e-01,-3.126390985736772210e-01,1.977284017849593178e-01,4.703753278372165836e-01,-3.247244804369098237e-01,-2.980335715757967963e-01,1.937233386722279072e-01,2.791539245249139434e-01,-9.450945206067262738e-03,1.096864651471213259e-01,-2.873175911881712397e-01,-2.338577143267395186e-02,-3.879281191250848471e-01,-1.785780747243352895e-01,-2.152202949690457112e-01,-5.537463989757995808e-02,4.301263622436969358e-01,-3.187323378521575989e-01,-9.861175337527949836e-02,1.155972191096447110e-01,4.465570860740016856e-01,-3.668518084642318211e-01,4.178766169931135144e-01,-4.189462113659384590e-01,-1.925860283973557241e-02,-4.541013276951721966e-02,-2.903972711228044457e-01,-1.525403318841525024e-01,-4.583473165160190099e-02,3.652114629106292254e-01,4.550641453735597697e-01,1.892567863716521082e-02,3.700997902944218598e-01,1.081715856767794248e-01,-1.509126580123245631e-01,-3.058057923865309391e-01,-8.686522821723519083e-02,2.282428292384774959e-02,-4.555566117404438176e-01,-3.541588341291492803e-01,1.001844239814400073e-01,-2.749984053228379244e-01,3.373263760812974521e-01,-1.730577502258093814e-01,-3.951657927467491227e-01,-4.164694114446829687e-01,4.371230205317796491e-01,-3.819796887581208278e-01,-3.590902358379399750e-01,3.626660579327529721e-01,-2.457118697226560178e-01,1.659514107544161066e-01,3.167256870298913451e-01,1.071806401301921285e-01,4.574885434478493940e-01,2.088828992608413593e-01,-3.872484900963416576e-01,5.841002654587990062e-02,2.181865260891838743e-01,3.019572403734451793e-01,-4.736786647159084707e-01,2.188789152714244457e-01,3.256808210194495068e-01,2.468338109353565013e-01,1.234914565559808164e-02,-4.197903691119708736e-02,4.941858329981585474e-02,2.046436988266020496e-01,4.229142906324854234e-01,1.170352106411249871e-01,3.878343062834695987e-01,2.012568474457273604e-01
-4.316636225611524269e-01,8.281900016218202154e-04,-2.135136516847576660e-01,-2.148250718674277193e-01,-1.440724487840158163e-01,-1.852672279995242199e-01,7.860998011710018663e-02,1.836015003535570456e-01,-2.312506129232645424e-01,-3.702373774316186639e-01,-4.411912790655379002e-01,7.575284503055224050e-02,-3.138698336669976108e-01,-4.907520057763006260e-01,4.277530793237040996e-01,3.714041908324061669e-02,-4.075518197530272335e-01,3.429211121274853280e-01,4.832027382901180612e-01,-5.139933798228280004e-02,-4.575103917618418281e-01,-3.824540592439364950e-01,-1.183462533545678319e-01,3.855226374488770480e-01,-3.519613207222379581e-01,3.239900940026955167e-01,-4.850237397809805673e-01,-4.261130121418899019e-02,1.443971409505681036e-01,-4.396205179744036018e-01,1.147627506164866640e-01,4.444041214695561015e-01,-3.397400798634049313e-01,2.296113830353527785e-01,1.090938979435434053e-01,-3.148836111207694577e-01,-4.937965852906339714e-01,-4.907155494940729223e-01,3.209240917202860199e-02,4.427794095611935488e-01,1.442986274656123946e-01,2.142998462937436566e-01,-6.134513079462888818e-03,8.188894263456980571e-02,-3.736324746693965304e-01,3.768206204006308013e-01,2.607926286668018623e-01,4.981989528446095772e-01,-2.022770524443786577e-01,-2.729822282039421344e-01,-3.748383420386570686e-01,4.642097566160447997e-01,2.808851846280235875e-01,-3.336753862803613080e-01,5.268647110821389479e-02,-8.623179193272323406e-02,-3.485139921938071872e-01,-3.379270149700345227e-01,4.634699947451856872e-01,-1.950358170422777926e-01,4.414392916839432468e-01,-4.243893269349156006e-01,-3.919695770680942104e-02,-3.703809514832399064e-01,-4.952126147588278293e-01,5.376607370607655589e-02,-3.861058951886365831e-01,2.220245309336796868e-01,1.981163757068995501e-01,-3.236670925355108475e-01,4.417421432655166402e-01,2.210434084324895965e-01,-2.020297358430700463e-01,2.092337639507906299e-01,2.319302776815359568e-01,-1.577736687490394196e-01,-1.244114375385407811e-01,-1.408934923466999001e-01,1.166184435520740692e-01
