0,-0.0011642
0.00096038,-0.0014816
0.0019208,-0.0010576
0.0028812,-0.00050166
0.0038415,-0.00062987
0.0048019,-0.0012786
0.0057623,-0.0015196
0.0067227,-0.0010359
0.0076831,-0.00055766
0.0086435,-0.00074357
0.0096038,-0.0012989
0.010564,-0.0014985
0.011525,-0.0011589
0.012485,-0.00079312
0.013445,-0.00089445
0.014406,-0.0012929
0.015366,-0.0013551
0.016327,-0.00088147
0.017287,-0.00048307
0.018247,-0.0007658
0.019208,-0.0014188
0.020168,-0.0016113
0.021128,-0.0011608
0.022089,-0.00073355
0.023049,-0.00089822
0.02401,-0.001369
0.02497,-0.001459
0.02593,-0.0010425
0.026891,-0.00072544
0.027851,-0.00098755
0.028812,-0.0015022
0.029772,-0.0015557
0.030732,-0.00099867
0.031693,-0.00049314
0.032653,-0.00066312
0.033613,-0.001263
0.034574,-0.00145
0.035534,-0.00094035
0.036495,-0.00046
0.037455,-0.00073246
0.038415,-0.0013782
0.039376,-0.0014685
0.040336,-0.00092123
0.041297,-0.00054763
0.042257,-0.00083583
0.043217,-0.0013601
0.044178,-0.0014754
0.045138,-0.0010996
0.046098,-0.0007508
0.047059,-0.00091637
0.048019,-0.0014326
0.04898,-0.0015983
0.04994,-0.0010973
0.0509,-0.0005317
0.051861,-0.00061821
0.052821,-0.0011718
0.053782,-0.0014069
0.054742,-0.0010829
0.055702,-0.00076191
0.056663,-0.00095472
0.057623,-0.0013972
0.058583,-0.001449
0.059544,-0.00099427
0.060504,-0.00059922
0.061465,-0.00076097
0.062425,-0.0012703
0.063385,-0.0014978
0.064346,-0.0011839
0.065306,-0.00077867
0.066267,-0.00085287
0.067227,-0.0013507
0.068187,-0.001612
0.069148,-0.001219
0.070108,-0.00060062
0.071068,-0.00052811
0.072029,-0.0010746
0.072989,-0.0014699
0.07395,-0.0011518
0.07491,-0.00056074
0.07587,-0.00055711
0.076831,-0.0011742
0.077791,-0.001546
0.078752,-0.0011471
0.079712,-0.00056777
0.080672,-0.0006543
0.081633,-0.0012799
0.082593,-0.0015311
0.083553,-0.0010294
0.084514,-0.00048919
0.085474,-0.00066161
0.086435,-0.0012703
0.087395,-0.001438
0.088355,-0.00094191
0.089316,-0.00048132
0.090276,-0.00070254
0.091236,-0.0013441
0.092197,-0.001616
0.093157,-0.0012426
0.094118,-0.0007754
0.095078,-0.00083883
0.096038,-0.0013
0.096999,-0.0014883
0.097959,-0.0011254
0.09892,-0.00073204
0.09988,-0.00090516
0.10084,-0.001456
0.1018,-0.0016051
0.10276,-0.0010698
0.10372,-0.00052294
0.10468,-0.00064494
0.10564,-0.0011781
0.1066,-0.0013793
0.10756,-0.0010869
0.10852,-0.00079677
0.10948,-0.00092909
0.11044,-0.0013442
0.1114,-0.0015595
0.11236,-0.0013035
0.11333,-0.00086299
0.11429,-0.00079535
0.11525,-0.0011961
0.11621,-0.0015003
0.11717,-0.0012327
0.11813,-0.00075711
0.11909,-0.00080865
0.12005,-0.0013939
0.12101,-0.0016618
0.12197,-0.0011397
0.12293,-0.00053461
0.12389,-0.00072699
0.12485,-0.0014258
0.12581,-0.0016316
0.12677,-0.0011427
0.12773,-0.00071924
0.12869,-0.00091186
0.12965,-0.0013747
0.13061,-0.0014625
0.13157,-0.0010564
0.13253,-0.00064581
0.13349,-0.00071264
0.13445,-0.0011782
0.13541,-0.0014953
0.13637,-0.001278
0.13733,-0.00081576
0.1383,-0.00076899
0.13926,-0.0012902
0.14022,-0.0016629
0.14118,-0.0012655
0.14214,-0.00059635
0.1431,-0.00063328
0.14406,-0.0013212
0.14502,-0.0016572
0.14598,-0.0012411
0.14694,-0.00075254
0.1479,-0.00084464
0.14886,-0.0013031
0.14982,-0.0014926
0.15078,-0.001153
0.15174,-0.00067488
0.1527,-0.00064558
0.15366,-0.0011245
0.15462,-0.001498
0.15558,-0.0012924
0.15654,-0.00086243
0.1575,-0.0008329
0.15846,-0.0011795
0.15942,-0.0013396
0.16038,-0.0010899
0.16134,-0.00081005
0.1623,-0.00092719
0.16327,-0.0013448
0.16423,-0.0015626
0.16519,-0.0012978
0.16615,-0.00085929
0.16711,-0.00079951
0.16807,-0.0011937
0.16903,-0.0015021
0.16999,-0.0012561
0.17095,-0.00072792
0.17191,-0.00059507
0.17287,-0.0010408
0.17383,-0.0014789
0.17479,-0.0013542
0.17575,-0.00091381
0.17671,-0.00080507
0.17767,-0.001122
0.17863,-0.00134
0.17959,-0.0011475
0.18055,-0.00083973
0.18151,-0.00087604
0.18247,-0.0012695
0.18343,-0.001566
0.18439,-0.0013755
0.18535,-0.0009038
0.18631,-0.00076166
0.18727,-0.0011429
0.18824,-0.001492
0.1892,-0.0012776
0.19016,-0.00081127
0.19112,-0.00079376
0.19208,-0.001285
0.19304,-0.0016066
0.194,-0.001331
0.19496,-0.00088735
0.19592,-0.00093117
0.19688,-0.0013897
0.19784,-0.0015849
0.1988,-0.0012226
0.19976,-0.00078478
0.20072,-0.00084776
0.20168,-0.0012929
0.20264,-0.0014948
0.2036,-0.0011485
0.20456,-0.00067149
0.20552,-0.0006555
0.20648,-0.0011206
0.20744,-0.0014893
0.2084,-0.0013158
0.20936,-0.00086637
0.21032,-0.00077129
0.21128,-0.0011953
0.21224,-0.0015816
0.21321,-0.0014109
0.21417,-0.00094439
0.21513,-0.00087884
0.21609,-0.0013114
0.21705,-0.0015969
0.21801,-0.0013062
0.21897,-0.00082887
0.21993,-0.00079864
0.22089,-0.0012211
0.22185,-0.0015008
0.22281,-0.0012307
0.22377,-0.00072904
0.22473,-0.00061628
0.22569,-0.0010341
0.22665,-0.0014621
0.22761,-0.0013781
0.22857,-0.00092954
0.22953,-0.00074565
0.23049,-0.0011097
0.23145,-0.0015514
0.23241,-0.0014758
0.23337,-0.0010057
0.23433,-0.00084821
0.23529,-0.0012358
0.23625,-0.0015841
0.23721,-0.0013776
0.23818,-0.00089809
0.23914,-0.00076949
0.2401,-0.0011255
0.24106,-0.0014861
0.24202,-0.0013386
0.24298,-0.0007932
0.24394,-0.00053992
0.2449,-0.00097684
0.24586,-0.0015108
0.24682,-0.0013177
0.24778,-0.00065156
0.24874,-0.00056102
0.2497,-0.001283
0.25066,-0.0018675
0.25162,-0.0015678
0.25258,-0.0007973
0.25354,-0.00050197
0.2545,-0.00098437
0.25546,-0.0016076
0.25642,-0.0015522
0.25738,-0.00085069
0.25834,-0.00041329
0.2593,-0.00082026
0.26026,-0.0014406
0.26122,-0.0013031
0.26218,-0.00055729
0.26315,-0.00027587
0.26411,-0.00089128
0.26507,-0.0015553
0.26603,-0.0013721
0.26699,-0.00068304
0.26795,-0.00055748
0.26891,-0.0012055
0.26987,-0.0017002
0.27083,-0.0013531
0.27179,-0.0006376
0.27275,-0.00046889
0.27371,-0.0010042
0.27467,-0.0015171
0.27563,-0.0013244
0.27659,-0.00067893
0.27755,-0.00050538
0.27851,-0.0011718
0.27947,-0.001829
0.28043,-0.0015273
0.28139,-0.00065392
0.28235,-0.00041516
0.28331,-0.00109
0.28427,-0.0016995
0.28523,-0.0014497
0.28619,-0.00073434
0.28715,-0.00052407
0.28812,-0.0010887
0.28908,-0.0016768
0.29004,-0.001473
0.291,-0.0006999
0.29196,-0.0004063
0.29292,-0.0010555
0.29388,-0.0018051
0.29484,-0.0016244
0.2958,-0.00076155
0.29676,-0.00040628
0.29772,-0.0010516
0.29868,-0.0018042
0.29964,-0.0016259
0.3006,-0.00076654
0.30156,-0.00039377
0.30252,-0.00095832
0.30348,-0.0016407
0.30444,-0.0015442
0.3054,-0.00084714
0.30636,-0.00049759
0.30732,-0.00096015
0.30828,-0.0016268
0.30924,-0.0015736
0.3102,-0.00081366
0.31116,-0.0003765
0.31212,-0.00092401
0.31309,-0.0017394
0.31405,-0.0016973
0.31501,-0.00089264
0.31597,-0.00044883
0.31693,-0.00089084
0.31789,-0.0014919
0.31885,-0.0013952
0.31981,-0.00075568
0.32077,-0.0004609
0.32173,-0.00089795
0.32269,-0.0014381
0.32365,-0.0013032
0.32461,-0.00067355
0.32557,-0.00047506
0.32653,-0.0010159
0.32749,-0.001517
0.32845,-0.0012792
0.32941,-0.00069791
0.33037,-0.00059369
0.33133,-0.0010671
0.33229,-0.0014811
0.33325,-0.0013545
0.33421,-0.0009129
0.33517,-0.00075595
0.33613,-0.0011254
0.33709,-0.0015675
0.33806,-0.001459
0.33902,-0.00083869
0.33998,-0.00046193
0.34094,-0.00080358
0.3419,-0.0013776
0.34286,-0.0013704
0.34382,-0.00078066
0.34478,-0.00045492
0.34574,-0.00088736
0.3467,-0.0014775
0.34766,-0.0013857
0.34862,-0.00077223
0.34958,-0.00052954
0.35054,-0.00099477
0.3515,-0.0015004
0.35246,-0.0013294
0.35342,-0.00068573
0.35438,-0.00043963
0.35534,-0.00098007
0.3563,-0.0016388
0.35726,-0.0015372
0.35822,-0.00081722
0.35918,-0.00050455
0.36014,-0.0010197
0.3611,-0.0016001
0.36206,-0.0014749
0.36303,-0.00092769
0.36399,-0.00073449
0.36495,-0.0010875
0.36591,-0.0014707
0.36687,-0.0013655
0.36783,-0.00086219
0.36879,-0.00056529
0.36975,-0.00088551
0.37071,-0.0014253
0.37167,-0.0014182
0.37263,-0.00080111
0.37359,-0.00041357
0.37455,-0.00085028
0.37551,-0.0015757
0.37647,-0.0016175
0.37743,-0.00092903
0.37839,-0.00049332
0.37935,-0.00090719
0.38031,-0.0015445
0.38127,-0.0015378
0.38223,-0.0010131
0.38319,-0.00073075
0.38415,-0.0010021
0.38511,-0.0014235
0.38607,-0.0014385
0.38703,-0.0009572
0.388,-0.00054143
0.38896,-0.00079482
0.38992,-0.0014128
0.39088,-0.0014596
0.39184,-0.00081419
0.3928,-0.00049901
0.39376,-0.0010714
0.39472,-0.0017046
0.39568,-0.0014622
0.39664,-0.00068562
0.3976,-0.00042814
0.39856,-0.00095729
0.39952,-0.0014875
0.40048,-0.0013277
0.40144,-0.00077348
0.4024,-0.00058325
0.40336,-0.00097486
0.40432,-0.0014345
0.40528,-0.0014194
0.40624,-0.00098667
0.4072,-0.00072231
0.40816,-0.0010384
0.40912,-0.0015626
0.41008,-0.0015231
0.41104,-0.00086619
0.412,-0.00049548
0.41297,-0.00097294
0.41393,-0.0016368
0.41489,-0.0015429
0.41585,-0.00081657
0.41681,-0.00042078
0.41777,-0.00082489
0.41873,-0.0014319
0.41969,-0.0014267
0.42065,-0.00085882
0.42161,-0.0005288
0.42257,-0.00089963
0.42353,-0.001454
0.42449,-0.0014017
0.42545,-0.00077462
0.42641,-0.00042797
0.42737,-0.00087414
0.42833,-0.0015625
0.42929,-0.0016014
0.43025,-0.00095
0.43121,-0.00049666
0.43217,-0.0008652
0.43313,-0.0015644
0.43409,-0.0016237
0.43505,-0.0009323
0.43601,-0.00041217
0.43697,-0.00074263
0.43794,-0.0013875
0.4389,-0.0014235
0.43986,-0.00092143
0.44082,-0.00072848
0.44178,-0.00114
0.44274,-0.0015607
0.4437,-0.001457
0.44466,-0.0010141
0.44562,-0.00083139
0.44658,-0.0011914
0.44754,-0.0017061
0.4485,-0.0016936
0.44946,-0.0010437
0.45042,-0.00051039
0.45138,-0.00077862
0.45234,-0.0014761
0.4533,-0.0016386
0.45426,-0.0010777
0.45522,-0.0006425
0.45618,-0.0010149
0.45714,-0.0017012
0.4581,-0.0017287
0.45906,-0.0010643
0.46002,-0.0006525
0.46098,-0.0010297
0.46194,-0.0015949
0.46291,-0.0015173
0.46387,-0.00086159
0.46483,-0.00049102
0.46579,-0.0009352
0.46675,-0.0016943
0.46771,-0.0018115
0.46867,-0.0011156
0.46963,-0.00050634
0.47059,-0.0007569
0.47155,-0.0014154
0.47251,-0.0014733
0.47347,-0.00085316
0.47443,-0.00047401
0.47539,-0.00092673
0.47635,-0.0016637
0.47731,-0.0017701
0.47827,-0.0011633
0.47923,-0.00067698
0.48019,-0.00093531
0.48115,-0.0015298
0.48211,-0.0015853
0.48307,-0.00096306
0.48403,-0.00049713
0.48499,-0.00085465
0.48595,-0.0015768
0.48691,-0.0016422
0.48788,-0.00090334
0.48884,-0.00036827
0.4898,-0.0008291
0.49076,-0.0016793
0.49172,-0.0017492
0.49268,-0.00098726
0.49364,-0.00046345
0.4946,-0.00081019
0.49556,-0.001433
0.49652,-0.0014528
0.49748,-0.00085251
0.49844,-0.00043807
0.4994,-0.00077903
0.50036,-0.0014809
0.50132,-0.0016495
0.50228,-0.0010585
0.50324,-0.00051377
0.5042,-0.0007746
0.50516,-0.0014837
0.50612,-0.0016567
0.50708,-0.0010561
0.50804,-0.00046747
0.509,-0.00062948
0.50996,-0.001274
0.51092,-0.0015201
0.51188,-0.0010556
0.51285,-0.00054845
0.51381,-0.00072133
0.51477,-0.0013334
0.51573,-0.0015047
0.51669,-0.00096081
0.51765,-0.00046231
0.51861,-0.00071138
0.51957,-0.0013393
0.52053,-0.001427
0.52149,-0.00084115
0.52245,-0.00044199
0.52341,-0.00082773
0.52437,-0.0014409
0.52533,-0.0014112
0.52629,-0.00084107
0.52725,-0.00055611
0.52821,-0.00090721
0.52917,-0.0014019
0.53013,-0.0014506
0.53109,-0.0010446
0.53205,-0.0007291
0.53301,-0.00096982
0.53397,-0.0015098
0.53493,-0.0015744
0.53589,-0.00096056
0.53685,-0.00049605
0.53782,-0.00087458
0.53878,-0.0015797
0.53974,-0.0016074
0.5407,-0.00091533
0.54166,-0.00042552
0.54262,-0.00073917
0.54358,-0.0013748
0.54454,-0.0014719
0.5455,-0.00093902
0.54646,-0.0005323
0.54742,-0.00082113
0.54838,-0.0014031
0.54934,-0.0014543
0.5503,-0.00086277
0.55126,-0.00042842
0.55222,-0.00077856
0.55318,-0.0014968
0.55414,-0.0016499
0.5551,-0.001042
0.55606,-0.00050973
0.55702,-0.00078674
0.55798,-0.0014922
0.55894,-0.0016526
0.5599,-0.0010444
0.56086,-0.00046101
0.56182,-0.00063964
0.56279,-0.0012868
0.56375,-0.0015125
0.56471,-0.0010413
0.56567,-0.000555
0.56663,-0.00073309
0.56759,-0.0013244
0.56855,-0.0015008
0.56951,-0.00097936
0.57047,-0.00044917
0.57143,-0.00066438
0.57239,-0.0014047
0.57335,-0.0016989
0.57431,-0.0011483
0.57527,-0.0005338
0.57623,-0.00072087
0.57719,-0.0014063
0.57815,-0.0016219
0.57911,-0.0011676
0.58007,-0.00074545
0.58103,-0.00088786
0.58199,-0.0013362
0.58295,-0.0014871
0.58391,-0.001106
0.58487,-0.00062002
0.58583,-0.00066635
0.58679,-0.0012321
0.58776,-0.001527
0.58872,-0.001071
0.58968,-0.00049592
0.59064,-0.00063178
0.5916,-0.0012605
0.59256,-0.0014555
0.59352,-0.00095152
0.59448,-0.00047397
0.59544,-0.00070454
0.5964,-0.0013497
0.59736,-0.0015299
0.59832,-0.00095709
0.59928,-0.0003445
0.60024,-0.00049507
0.6012,-0.0011968
0.60216,-0.0014853
0.60312,-0.00095815
0.60408,-0.00034709
0.60504,-0.00049037
0.606,-0.0012035
0.60696,-0.001563
0.60792,-0.001142
0.60888,-0.0005451
0.60984,-0.00057406
0.6108,-0.001166
0.61176,-0.001477
0.61273,-0.0010553
0.61369,-0.00049826
0.61465,-0.00063226
0.61561,-0.0012819
0.61657,-0.0015175
0.61753,-0.0010339
0.61849,-0.00055455
0.61945,-0.00074302
0.62041,-0.001316
0.62137,-0.0014978
0.62233,-0.0010129
0.62329,-0.00042129
0.62425,-0.00044043
0.62521,-0.0010733
0.62617,-0.0015443
0.62713,-0.0012591
0.62809,-0.00061932
0.62905,-0.00050883
0.63001,-0.0010639
0.63097,-0.0014789
0.63193,-0.0011588
0.63289,-0.00055933
0.63385,-0.00055423
0.63481,-0.0011718
0.63577,-0.001543
0.63673,-0.0011504
0.6377,-0.00057675
0.63866,-0.00065255
0.63962,-0.0012657
0.64058,-0.0015306
0.64154,-0.0010489
0.6425,-0.00049181
0.64346,-0.00063809
0.64442,-0.0012718
0.64538,-0.0014764
0.64634,-0.00090436
0.6473,-0.00024044
0.64826,-0.00030229
0.64922,-0.00096942
0.65018,-0.0013406
0.65114,-0.00093268
0.6521,-0.00035794
0.65306,-0.00050327
0.65402,-0.0012145
0.65498,-0.0014776
0.65594,-0.00092216
0.6569,-0.00036681
0.65786,-0.0005494
0.65882,-0.0011108
0.65978,-0.0012521
0.66074,-0.00085247
0.6617,-0.00050521
0.66267,-0.0006774
0.66363,-0.0011723
0.66459,-0.0013957
0.66555,-0.0010733
0.66651,-0.00059173
0.66747,-0.0005484
0.66843,-0.00096854
0.66939,-0.0012547
0.67035,-0.00098986
0.67131,-0.00050834
0.67227,-0.00045229
0.67323,-0.00087981
0.67419,-0.0011644
0.67515,-0.00087702
0.67611,-0.00043643
0.67707,-0.00050387
0.67803,-0.0010258
0.67899,-0.0012857
0.67995,-0.00087562
0.68091,-0.00026126
0.68187,-0.00019911
0.68283,-0.00074266
0.68379,-0.0011341
0.68475,-0.00081547
0.68571,-0.00022429
0.68667,-0.00022458
0.68764,-0.00084515
0.6886,-0.0012088
0.68956,-0.00080665
0.69052,-0.00023785
0.69148,-0.00032542
0.69244,-0.00093878
0.6934,-0.0011934
0.69436,-0.00070833
0.69532,-0.00015295
0.69628,-0.00029455
0.69724,-0.00096043
0.6982,-0.0013203
0.69916,-0.00096625
0.70012,-0.00033308
0.70108,-0.00015575
0.70204,-0.00063558
0.703,-0.001135
0.70396,-0.00091618
0.70492,-0.00025058
0.70588,-0.00017186
0.70684,-0.00083136
0.7078,-0.0011516
0.70876,-0.00059237
0.70972,-2.7903e-05
0.71068,-0.00023149
0.71164,-0.00076112
0.71261,-0.00089187
0.71357,-0.00057876
0.71453,-0.00019587
0.71549,-0.00011851
0.71645,-0.00051244
0.71741,-0.00094541
0.71837,-0.00072245
0.71933,-3.0106e-05
0.72029,0.00011624
0.72125,-0.00052367
0.72221,-0.00099294
0.72317,-0.00067599
0.72413,-0.00013872
0.72509,-0.00011861
0.72605,-0.00054722
0.72701,-0.00083135
0.72797,-0.00058957
0.72893,-6.1434e-05
0.72989,9.3989e-05
0.73085,-0.00038786
0.73181,-0.00085532
0.73277,-0.00058418
0.73373,6.2912e-05
0.73469,0.00014102
0.73565,-0.00041879
0.73661,-0.00077511
0.73758,-0.00047506
0.73854,3.9695e-05
0.7395,0.00014985
0.74046,-0.00022394
0.74142,-0.00058733
0.74238,-0.00041279
0.74334,0.00014646
0.7443,0.00028936
0.74526,-0.000301
0.74622,-0.00082077
0.74718,-0.00049358
0.74814,0.00019495
0.7491,0.00026428
0.75006,-0.00028643
0.75102,-0.00061887
0.75198,-0.00033009
0.75294,0.00010899
0.7539,8.8592e-05
0.75486,-0.00036718
0.75582,-0.00063001
0.75678,-0.00024331
0.75774,0.0004076
0.7587,0.0004948
0.75966,-9.5272e-05
0.76062,-0.00052876
0.76158,-0.00021451
0.76255,0.00036226
0.76351,0.00038662
0.76447,-0.0001539
0.76543,-0.00051684
0.76639,-0.00019479
0.76735,0.00044936
0.76831,0.00063061
0.76927,0.00014439
0.77023,-0.00031256
0.77119,-3.853e-05
0.77215,0.00064816
0.77311,0.00078894
0.77407,0.00015689
0.77503,-0.00037105
0.77599,-4.2979e-05
0.77695,0.00071023
0.77791,0.00088278
0.77887,0.00030228
0.77983,-0.00016761
0.78079,8.1048e-05
0.78175,0.00060143
0.78271,0.00069051
0.78367,0.00036609
0.78463,0.00014277
0.78559,0.00032399
0.78655,0.00074478
0.78752,0.00093087
0.78848,0.00057362
0.78944,7.3842e-05
0.7904,0.00020112
0.79136,0.00089342
0.79232,0.0011538
0.79328,0.00057139
0.79424,6.4941e-05
0.7952,0.00046888
0.79616,0.0012482
0.79712,0.0013242
0.79808,0.00063893
0.79904,0.00017364
0.8,0.00054372
0.80096,0.0012046
0.80192,0.0012622
0.80288,0.00070275
0.80384,0.00035206
0.8048,0.00073302
0.80576,0.0013715
0.80672,0.001478
0.80768,0.00099325
0.80864,0.00059793
0.8096,0.00079152
0.81056,0.0013056
0.81152,0.0015081
0.81248,0.0011783
0.81345,0.00078291
0.81441,0.0008804
0.81537,0.001384
0.81633,0.0016151
0.81729,0.0012464
0.81825,0.00084706
0.81921,0.0011108
0.82017,0.0017894
0.82113,0.0019871
0.82209,0.0014717
0.82305,0.0010147
0.82401,0.001308
0.82497,0.0019788
0.82593,0.0021578
0.82689,0.0017147
0.82785,0.0013955
0.82881,0.0016974
0.82977,0.0021954
0.83073,0.0022139
0.83169,0.0017693
0.83265,0.0015122
0.83361,0.0018
0.83457,0.0022711
0.83553,0.0023539
0.83649,0.0020284
0.83745,0.0018007
0.83842,0.0020283
0.83938,0.0024448
0.84034,0.0025292
0.8413,0.0022178
0.84226,0.0019786
0.84322,0.0022105
0.84418,0.0026855
0.84514,0.0028318
0.8461,0.0024555
0.84706,0.0020709
0.84802,0.0022589
0.84898,0.0028856
0.84994,0.0032131
0.8509,0.0029032
0.85186,0.0025264
0.85282,0.002704
0.85378,0.0032163
0.85474,0.0033841
0.8557,0.0030949
0.85666,0.0028209
0.85762,0.0029559
0.85858,0.0033714
0.85954,0.0035877
0.8605,0.0033066
0.86146,0.002913
0.86242,0.0031263
0.86339,0.0038663
0.86435,0.0041793
0.86531,0.0036397
0.86627,0.0031218
0.86723,0.0034223
0.86819,0.0041159
0.86915,0.0043112
0.87011,0.0039141
0.87107,0.0035401
0.87203,0.0036588
0.87299,0.0041453
0.87395,0.0044201
0.87491,0.004154
0.87587,0.0037642
0.87683,0.0039686
0.87779,0.0046204
0.87875,0.0048557
0.87971,0.0044062
0.88067,0.004036
0.88163,0.0043569
0.88259,0.0049894
0.88355,0.0052048
0.88451,0.0048531
0.88547,0.0045119
0.88643,0.0047174
0.88739,0.0053473
0.88836,0.0056659
0.88932,0.0053144
0.89028,0.004863
0.89124,0.00507
0.8922,0.0057305
0.89316,0.0059682
0.89412,0.0055702
0.89508,0.0052353
0.89604,0.0055775
0.897,0.006257
0.89796,0.0065283
0.89892,0.0061501
0.89988,0.0057317
0.90084,0.00593
0.9018,0.0065908
0.90276,0.0069026
0.90372,0.0065379
0.90468,0.0061958
0.90564,0.0065409
0.9066,0.0072499
0.90756,0.0074605
0.90852,0.0070735
0.90948,0.0067599
0.91044,0.00706
0.9114,0.0076808
0.91236,0.0079456
0.91333,0.0076434
0.91429,0.0072834
0.91525,0.0074907
0.91621,0.0081456
0.91717,0.0085445
0.91813,0.0082475
0.91909,0.0077754
0.92005,0.0078566
0.92101,0.0084888
0.92197,0.0088999
0.92293,0.0086424
0.92389,0.008226
0.92485,0.0084149
0.92581,0.009153
0.92677,0.0095333
0.92773,0.0091514
0.92869,0.008687
0.92965,0.0090461
0.93061,0.0099066
0.93157,0.010223
0.93253,0.0097549
0.93349,0.0093831
0.93445,0.00972
0.93541,0.010325
0.93637,0.01055
0.93733,0.010338
0.9383,0.010213
0.93926,0.010481
0.94022,0.011009
0.94118,0.011275
0.94214,0.011081
0.9431,0.010839
0.94406,0.011102
0.94502,0.011746
0.94598,0.012094
0.94694,0.011907
0.9479,0.011651
0.94886,0.011934
0.94982,0.012562
0.95078,0.012918
0.95174,0.012721
0.9527,0.012473
0.95366,0.012675
0.95462,0.01321
0.95558,0.013543
0.95654,0.013419
0.9575,0.013224
0.95846,0.013396
0.95942,0.013945
0.96038,0.014289
0.96134,0.014137
0.9623,0.013834
0.96327,0.014078
0.96423,0.014895
0.96519,0.015521
0.96615,0.015353
0.96711,0.014799
0.96807,0.014859
0.96903,0.015627
0.96999,0.016261
0.97095,0.016129
0.97191,0.015855
0.97287,0.016154
0.97383,0.016869
0.97479,0.017245
0.97575,0.017074
0.97671,0.01688
0.97767,0.017164
0.97863,0.017863
0.97959,0.018315
0.98055,0.018202
0.98151,0.017843
0.98247,0.018019
0.98343,0.018786
0.98439,0.019455
0.98535,0.0194
0.98631,0.018987
0.98727,0.0191
0.98824,0.019877
0.9892,0.020564
0.99016,0.020503
0.99112,0.02023
0.99208,0.020426
0.99304,0.0211
0.994,0.021547
0.99496,0.021493
0.99592,0.021253
0.99688,0.021382
0.99784,0.022063
0.9988,0.022777
0.99976,0.022936
1.0007,0.022579
1.0017,0.022629
1.0026,0.023339
1.0036,0.024059
1.0046,0.024076
1.0055,0.023813
1.0065,0.024009
1.0074,0.024693
1.0084,0.025222
1.0094,0.025151
1.0103,0.024934
1.0113,0.025172
1.0122,0.026041
1.0132,0.026781
1.0142,0.026885
1.0151,0.026588
1.0161,0.026753
1.017,0.027574
1.018,0.028324
1.019,0.028347
1.0199,0.027975
1.0209,0.02824
1.0218,0.029193
1.0228,0.029995
1.0238,0.029885
1.0247,0.029536
1.0257,0.029806
1.0267,0.030677
1.0276,0.031248
1.0286,0.031122
1.0295,0.030919
1.0305,0.031309
1.0315,0.032249
1.0324,0.032878
1.0334,0.032937
1.0343,0.032766
1.0353,0.033102
1.0363,0.033865
1.0372,0.034515
1.0382,0.034649
1.0391,0.034567
1.0401,0.034842
1.0411,0.035448
1.042,0.035961
1.043,0.035966
1.0439,0.035984
1.0449,0.036389
1.0459,0.037197
1.0468,0.037806
1.0478,0.037976
1.0487,0.037919
1.0497,0.038189
1.0507,0.039081
1.0516,0.040022
1.0526,0.040328
1.0535,0.039953
1.0545,0.040038
1.0555,0.040898
1.0564,0.041858
1.0574,0.042049
1.0583,0.041931
1.0593,0.042323
1.0603,0.043228
1.0612,0.043928
1.0622,0.043978
1.0631,0.043994
1.0641,0.044464
1.0651,0.04546
1.066,0.046156
1.067,0.046311
1.0679,0.046207
1.0689,0.046535
1.0699,0.047337
1.0708,0.04807
1.0718,0.048338
1.0727,0.048284
1.0737,0.048663
1.0747,0.049503
1.0756,0.050443
1.0766,0.050715
1.0776,0.050644
1.0785,0.050886
1.0795,0.051822
1.0804,0.052799
1.0814,0.053103
1.0824,0.053014
1.0833,0.053287
1.0843,0.054336
1.0852,0.055302
1.0862,0.055712
1.0872,0.055584
1.0881,0.055809
1.0891,0.056531
1.09,0.057384
1.091,0.057906
1.092,0.058177
1.0929,0.058595
1.0939,0.059215
1.0948,0.060041
1.0958,0.060516
1.0968,0.060731
1.0977,0.060892
1.0987,0.061654
1.0996,0.062638
1.1006,0.063218
1.1016,0.063316
1.1025,0.06362
1.1035,0.064525
1.1044,0.06544
1.1054,0.066074
1.1064,0.066322
1.1073,0.066821
1.1083,0.067483
1.1092,0.068284
1.1102,0.068826
1.1112,0.069233
1.1121,0.069779
1.1131,0.07063
1.114,0.071602
1.115,0.072138
1.116,0.072437
1.1169,0.07272
1.1179,0.073562
1.1188,0.07437
1.1198,0.074821
1.1208,0.074899
1.1217,0.075355
1.1227,0.076351
1.1236,0.077354
1.1246,0.078021
1.1256,0.078407
1.1265,0.079118
1.1275,0.079838
1.1285,0.080526
1.1294,0.080815
1.1304,0.081269
1.1313,0.082122
1.1323,0.083346
1.1333,0.084271
1.1342,0.084538
1.1352,0.084723
1.1361,0.085299
1.1371,0.086474
1.1381,0.087445
1.139,0.088231
1.14,0.088557
1.1409,0.088907
1.1419,0.089541
1.1429,0.09072
1.1438,0.091866
1.1448,0.092378
1.1457,0.092723
1.1467,0.093492
1.1477,0.094843
1.1486,0.095585
1.1496,0.095854
1.1505,0.096113
1.1515,0.097241
1.1525,0.098608
1.1534,0.099409
1.1544,0.099478
1.1553,0.099683
1.1563,0.1009
1.1573,0.10245
1.1582,0.10355
1.1592,0.10362
1.1601,0.10395
1.1611,0.10489
1.1621,0.10624
1.163,0.10698
1.164,0.10729
1.1649,0.10784
1.1659,0.10896
1.1669,0.11035
1.1678,0.11113
1.1688,0.11159
1.1697,0.11206
1.1707,0.11348
1.1717,0.11491
1.1726,0.11566
1.1736,0.11569
1.1745,0.11624
1.1755,0.11767
1.1765,0.11906
1.1774,0.11985
1.1784,0.12012
1.1794,0.12095
1.1803,0.12207
1.1813,0.12345
1.1822,0.1242
1.1832,0.12471
1.1842,0.12532
1.1851,0.12658
1.1861,0.12814
1.187,0.1291
1.188,0.1293
1.189,0.12933
1.1899,0.13066
1.1909,0.13244
1.1918,0.13374
1.1928,0.13378
1.1938,0.13414
1.1947,0.13541
1.1957,0.137
1.1966,0.13804
1.1976,0.13866
1.1986,0.13951
1.1995,0.14024
1.2005,0.14104
1.2014,0.14131
1.2024,0.14172
1.2034,0.14218
1.2043,0.14343
1.2053,0.14493
1.2062,0.14611
1.2072,0.14677
1.2082,0.14745
1.2091,0.14878
1.2101,0.15005
1.211,0.15107
1.212,0.15124
1.213,0.15182
1.2139,0.15302
1.2149,0.15497
1.2158,0.15634
1.2168,0.15674
1.2178,0.15705
1.2187,0.15824
1.2197,0.16013
1.2206,0.1612
1.2216,0.16178
1.2226,0.16223
1.2235,0.16367
1.2245,0.16513
1.2255,0.16636
1.2264,0.167
1.2274,0.16781
1.2283,0.16939
1.2293,0.17133
1.2303,0.17269
1.2312,0.17271
1.2322,0.17316
1.2331,0.17451
1.2341,0.17681
1.2351,0.17819
1.236,0.17892
1.237,0.17952
1.2379,0.18072
1.2389,0.18228
1.2399,0.18351
1.2408,0.18439
1.2418,0.18488
1.2427,0.18622
1.2437,0.18763
1.2447,0.18899
1.2456,0.18951
1.2466,0.19054
1.2475,0.19236
1.2485,0.19441
1.2495,0.19563
1.2504,0.19589
1.2514,0.19639
1.2523,0.19748
1.2533,0.19961
1.2543,0.20118
1.2552,0.20234
1.2562,0.20296
1.2571,0.20436
1.2581,0.20607
1.2591,0.20734
1.26,0.20798
1.261,0.20868
1.2619,0.2103
1.2629,0.21187
1.2639,0.21332
1.2648,0.21392
1.2658,0.21516
1.2667,0.21679
1.2677,0.21887
1.2687,0.22017
1.2696,0.22068
1.2706,0.22122
1.2715,0.22251
1.2725,0.22466
1.2735,0.22617
1.2744,0.22737
1.2754,0.22802
1.2764,0.2296
1.2773,0.2312
1.2783,0.23265
1.2792,0.23345
1.2802,0.23447
1.2812,0.23628
1.2821,0.2382
1.2831,0.23959
1.284,0.23971
1.285,0.24042
1.286,0.24173
1.2869,0.24409
1.2879,0.24575
1.2888,0.24697
1.2898,0.24795
1.2908,0.24938
1.2917,0.25114
1.2927,0.25255
1.2936,0.2539
1.2946,0.25483
1.2956,0.2565
1.2965,0.25804
1.2975,0.26006
1.2984,0.26127
1.2994,0.26238
1.3004,0.26388
1.3013,0.26628
1.3023,0.26837
1.3032,0.26882
1.3042,0.26903
1.3052,0.27012
1.3061,0.27293
1.3071,0.27491
1.308,0.27629
1.309,0.27692
1.31,0.27822
1.3109,0.27985
1.3119,0.28151
1.3128,0.28278
1.3138,0.28376
1.3148,0.28584
1.3157,0.28817
1.3167,0.29028
1.3176,0.29057
1.3186,0.29136
1.3196,0.2929
1.3205,0.29524
1.3215,0.29703
1.3224,0.29844
1.3234,0.29978
1.3244,0.30083
1.3253,0.30236
1.3263,0.30378
1.3273,0.30569
1.3282,0.30667
1.3292,0.30818
1.3301,0.30966
1.3311,0.31137
1.3321,0.31253
1.333,0.31393
1.334,0.31635
1.3349,0.31902
1.3359,0.32116
1.3369,0.32154
1.3378,0.3224
1.3388,0.32377
1.3397,0.32646
1.3407,0.32844
1.3417,0.33003
1.3426,0.33122
1.3436,0.33258
1.3445,0.33415
1.3455,0.33541
1.3465,0.33687
1.3474,0.33796
1.3484,0.34018
1.3493,0.34205
1.3503,0.34395
1.3513,0.34478
1.3522,0.34616
1.3532,0.34833
1.3541,0.35093
1.3551,0.35295
1.3561,0.35379
1.357,0.35494
1.358,0.3562
1.3589,0.35858
1.3599,0.36018
1.3609,0.36206
1.3618,0.36346
1.3628,0.36533
1.3637,0.36714
1.3647,0.36877
1.3657,0.37007
1.3666,0.37104
1.3676,0.3732
1.3685,0.37541
1.3695,0.37762
1.3705,0.37797
1.3714,0.37906
1.3724,0.38108
1.3733,0.38415
1.3743,0.38636
1.3753,0.38751
1.3762,0.38846
1.3772,0.38954
1.3782,0.39165
1.3791,0.3934
1.3801,0.39571
1.381,0.39714
1.382,0.39928
1.383,0.40112
1.3839,0.40308
1.3849,0.40429
1.3858,0.40524
1.3868,0.40689
1.3878,0.40905
1.3887,0.41173
1.3897,0.41298
1.3906,0.41441
1.3916,0.41543
1.3926,0.41773
1.3935,0.41977
1.3945,0.42185
1.3954,0.42324
1.3964,0.42444
1.3974,0.42629
1.3983,0.42833
1.3993,0.43053
1.4002,0.43147
1.4012,0.43354
1.4022,0.43562
1.4031,0.43802
1.4041,0.43873
1.405,0.43955
1.406,0.44116
1.407,0.44343
1.4079,0.44553
1.4089,0.44669
1.4098,0.44828
1.4108,0.44943
1.4118,0.45159
1.4127,0.45301
1.4137,0.45511
1.4146,0.45671
1.4156,0.45862
1.4166,0.46023
1.4175,0.46166
1.4185,0.46326
1.4194,0.46467
1.4204,0.46694
1.4214,0.46865
1.4223,0.47099
1.4233,0.47199
1.4242,0.47332
1.4252,0.47424
1.4262,0.47605
1.4271,0.47808
1.4281,0.47985
1.4291,0.48117
1.43,0.48187
1.431,0.4837
1.4319,0.48525
1.4329,0.48737
1.4339,0.48826
1.4348,0.49027
1.4358,0.49216
1.4367,0.49389
1.4377,0.49466
1.4387,0.49558
1.4396,0.49756
1.4406,0.49941
1.4415,0.50148
1.4425,0.50236
1.4435,0.50409
1.4444,0.50507
1.4454,0.50689
1.4463,0.50814
1.4473,0.50957
1.4483,0.51061
1.4492,0.5116
1.4502,0.51312
1.4511,0.51441
1.4521,0.51622
1.4531,0.51698
1.454,0.51883
1.455,0.52007
1.4559,0.5219
1.4569,0.52275
1.4579,0.52389
1.4588,0.52515
1.4598,0.52653
1.4607,0.52819
1.4617,0.52935
1.4627,0.53097
1.4636,0.53151
1.4646,0.53321
1.4655,0.53439
1.4665,0.53631
1.4675,0.53734
1.4684,0.53867
1.4694,0.53996
1.4703,0.541
1.4713,0.54206
1.4723,0.54279
1.4732,0.54464
1.4742,0.54574
1.4752,0.54758
1.4761,0.54822
1.4771,0.54959
1.478,0.55042
1.479,0.55168
1.48,0.55293
1.4809,0.55425
1.4819,0.55573
1.4828,0.55639
1.4838,0.55775
1.4848,0.55844
1.4857,0.5603
1.4867,0.56113
1.4876,0.56266
1.4886,0.56354
1.4896,0.56461
1.4905,0.56548
1.4915,0.56643
1.4924,0.56777
1.4934,0.5685
1.4944,0.57011
1.4953,0.57097
1.4963,0.57264
1.4972,0.57289
1.4982,0.57396
1.4992,0.57495
1.5001,0.57656
1.5011,0.57783
1.502,0.57872
1.503,0.57985
1.504,0.58052
1.5049,0.58216
1.5059,0.58296
1.5068,0.5847
1.5078,0.58518
1.5088,0.58631
1.5097,0.58696
1.5107,0.58805
1.5116,0.58895
1.5126,0.58973
1.5136,0.59112
1.5145,0.5922
1.5155,0.5939
1.5164,0.59416
1.5174,0.59538
1.5184,0.59592
1.5193,0.59745
1.5203,0.59831
1.5212,0.59942
1.5222,0.60033
1.5232,0.60104
1.5241,0.60223
1.5251,0.60312
1.5261,0.60493
1.527,0.60542
1.528,0.60675
1.5289,0.60714
1.5299,0.60841
1.5309,0.6089
1.5318,0.60964
1.5328,0.61055
1.5337,0.61173
1.5347,0.61328
1.5357,0.61384
1.5366,0.61501
1.5376,0.61526
1.5385,0.61681
1.5395,0.61741
1.5405,0.61881
1.5414,0.6195
1.5424,0.62039
1.5433,0.62129
1.5443,0.62235
1.5453,0.62371
1.5462,0.62406
1.5472,0.62536
1.5481,0.62606
1.5491,0.62785
1.5501,0.62799
1.551,0.62869
1.552,0.62926
1.5529,0.63069
1.5539,0.63201
1.5549,0.63285
1.5558,0.6338
1.5568,0.63406
1.5577,0.63541
1.5587,0.63589
1.5597,0.63755
1.5606,0.63801
1.5616,0.63914
1.5625,0.63977
1.5635,0.64091
1.5645,0.64186
1.5654,0.64238
1.5664,0.64341
1.5673,0.64422
1.5683,0.64611
1.5693,0.64644
1.5702,0.64753
1.5712,0.64765
1.5721,0.6489
1.5731,0.64976
1.5741,0.65094
1.575,0.65188
1.576,0.65245
1.577,0.65349
1.5779,0.65401
1.5789,0.6555
1.5798,0.65575
1.5808,0.65729
1.5818,0.65793
1.5827,0.65921
1.5837,0.65949
1.5846,0.66009
1.5856,0.66105
1.5866,0.66221
1.5875,0.66381
1.5885,0.66435
1.5894,0.66556
1.5904,0.66556
1.5914,0.66698
1.5923,0.66758
1.5933,0.66894
1.5942,0.66943
1.5952,0.67017
1.5962,0.67112
1.5971,0.67217
1.5981,0.67357
1.599,0.6739
1.6,0.67525
1.601,0.67569
1.6019,0.67735
1.6029,0.67761
1.6038,0.67855
1.6048,0.67901
1.6058,0.67998
1.6067,0.68113
1.6077,0.68218
1.6086,0.68335
1.6096,0.68334
1.6106,0.68462
1.6115,0.68528
1.6125,0.68704
1.6134,0.68708
1.6144,0.68794
1.6154,0.68878
1.6163,0.69012
1.6173,0.69106
1.6182,0.69153
1.6192,0.69263
1.6202,0.69319
1.6211,0.69499
1.6221,0.69545
1.623,0.69669
1.624,0.69658
1.625,0.69774
1.6259,0.69883
1.6269,0.70008
1.6279,0.70079
1.6288,0.70127
1.6298,0.70262
1.6307,0.70327
1.6317,0.70472
1.6327,0.70471
1.6336,0.70611
1.6346,0.70666
1.6355,0.70811
1.6365,0.70881
1.6375,0.70962
1.6384,0.71039
1.6394,0.71113
1.6403,0.71265
1.6413,0.71332
1.6423,0.71477
1.6432,0.71471
1.6442,0.71616
1.6451,0.71677
1.6461,0.71808
1.6471,0.71852
1.648,0.71943
1.649,0.72064
1.6499,0.7215
1.6509,0.72251
1.6519,0.72257
1.6528,0.72412
1.6538,0.72471
1.6547,0.72653
1.6557,0.72682
1.6567,0.72767
1.6576,0.72808
1.6586,0.72926
1.6595,0.73066
1.6605,0.73153
1.6615,0.73254
1.6624,0.73262
1.6634,0.73417
1.6643,0.73461
1.6653,0.7362
1.6663,0.73639
1.6672,0.73747
1.6682,0.73832
1.6691,0.73961
1.6701,0.74059
1.6711,0.7409
1.672,0.74184
1.673,0.74242
1.6739,0.74453
1.6749,0.745
1.6759,0.74617
1.6768,0.74604
1.6778,0.74724
1.6788,0.74834
1.6797,0.74957
1.6807,0.75032
1.6816,0.75069
1.6826,0.75213
1.6836,0.75294
1.6845,0.7546
1.6855,0.75437
1.6864,0.7556
1.6874,0.75627
1.6884,0.75802
1.6893,0.75876
1.6903,0.75931
1.6912,0.75991
1.6922,0.76069
1.6932,0.76248
1.6941,0.76322
1.6951,0.76465
1.696,0.76433
1.697,0.76564
1.698,0.76622
1.6989,0.76758
1.6999,0.76805
1.7008,0.76887
1.7018,0.77012
1.7028,0.77111
1.7037,0.77235
1.7047,0.77231
1.7056,0.77368
1.7066,0.77407
1.7076,0.77607
1.7085,0.7766
1.7095,0.77746
1.7104,0.77769
1.7114,0.7787
1.7124,0.78016
1.7133,0.78103
1.7143,0.78208
1.7152,0.78207
1.7162,0.78372
1.7172,0.78412
1.7181,0.78569
1.7191,0.78585
1.72,0.78698
1.721,0.78786
1.722,0.78906
1.7229,0.79007
1.7239,0.79044
1.7248,0.79141
1.7258,0.79169
1.7268,0.79376
1.7277,0.79434
1.7287,0.79566
1.7297,0.79535
1.7306,0.79636
1.7316,0.79748
1.7325,0.79873
1.7335,0.79949
1.7345,0.79987
1.7354,0.80136
1.7364,0.8019
1.7373,0.80348
1.7383,0.80334
1.7393,0.80477
1.7402,0.8053
1.7412,0.80677
1.7421,0.80752
1.7431,0.80818
1.7441,0.80882
1.745,0.80936
1.746,0.81104
1.7469,0.81167
1.7479,0.81319
1.7489,0.81281
1.7498,0.81414
1.7508,0.81472
1.7517,0.81606
1.7527,0.81654
1.7537,0.81736
1.7546,0.81865
1.7556,0.81956
1.7565,0.82087
1.7575,0.82084
1.7585,0.82223
1.7594,0.82232
1.7604,0.82424
1.7613,0.82495
1.7623,0.82595
1.7633,0.82602
1.7642,0.82668
1.7652,0.82801
1.7661,0.82892
1.7671,0.83023
1.7681,0.83031
1.769,0.83194
1.77,0.83202
1.7709,0.83352
1.7719,0.83371
1.7729,0.83473
1.7738,0.8354
1.7748,0.83658
1.7758,0.83785
1.7767,0.83829
1.7777,0.83928
1.7786,0.8395
1.7796,0.84165
1.7806,0.84199
1.7815,0.84312
1.7825,0.84278
1.7834,0.84386
1.7844,0.84501
1.7854,0.84618
1.7863,0.84699
1.7873,0.84736
1.7882,0.84889
1.7892,0.84937
1.7902,0.85103
1.7911,0.85071
1.7921,0.85189
1.793,0.8523
1.794,0.85404
1.795,0.85507
1.7959,0.85546
1.7969,0.85572
1.7978,0.85621
1.7988,0.85821
1.7998,0.85883
1.8007,0.8604
1.8017,0.86015
1.8026,0.86163
1.8036,0.86201
1.8046,0.86318
1.8055,0.86372
1.8065,0.86442
1.8074,0.86553
1.8084,0.86644
1.8094,0.86804
1.8103,0.86792
1.8113,0.8691
1.8122,0.86905
1.8132,0.87109
1.8142,0.87182
1.8151,0.87273
1.8161,0.87283
1.817,0.8735
1.818,0.87487
1.819,0.87571
1.8199,0.87709
1.8209,0.87713
1.8218,0.8788
1.8228,0.87882
1.8238,0.88034
1.8247,0.88055
1.8257,0.88152
1.8267,0.88221
1.8276,0.88343
1.8286,0.88474
1.8295,0.88495
1.8305,0.88582
1.8315,0.88597
1.8324,0.88817
1.8334,0.88841
1.8343,0.88963
1.8353,0.88953
1.8363,0.89064
1.8372,0.8916
1.8382,0.89263
1.8391,0.89351
1.8401,0.89371
1.8411,0.89511
1.842,0.89558
1.843,0.89753
1.8439,0.89727
1.8449,0.89833
1.8459,0.89857
1.8468,0.90014
1.8478,0.90115
1.8487,0.90172
1.8497,0.90222
1.8507,0.90259
1.8516,0.90444
1.8526,0.90495
1.8535,0.90656
1.8545,0.90611
1.8555,0.90743
1.8564,0.90797
1.8574,0.9094
1.8583,0.90998
1.8593,0.91041
1.8603,0.91138
1.8612,0.91232
1.8622,0.9142
1.8631,0.91413
1.8641,0.91525
1.8651,0.91499
1.866,0.91689
1.867,0.9176
1.8679,0.91855
1.8689,0.91868
1.8699,0.91927
1.8708,0.9207
1.8718,0.92157
1.8727,0.92297
1.8737,0.92272
1.8747,0.92429
1.8756,0.92446
1.8766,0.92617
1.8776,0.92624
1.8785,0.92689
1.8795,0.92759
1.8804,0.92906
1.8814,0.9306
1.8824,0.93062
1.8833,0.93135
1.8843,0.93142
1.8852,0.93367
1.8862,0.93386
1.8872,0.93512
1.8881,0.93509
1.8891,0.93603
1.89,0.93678
1.891,0.93784
1.892,0.939
1.8929,0.93909
1.8939,0.94032
1.8948,0.94078
1.8958,0.94303
1.8968,0.94285
1.8977,0.94377
1.8987,0.94383
1.8996,0.94524
1.9006,0.94625
1.9016,0.94696
1.9025,0.94771
1.9035,0.94798
1.9044,0.94966
1.9054,0.95003
1.9064,0.95171
1.9073,0.95127
1.9083,0.95257
1.9092,0.95312
1.9102,0.95454
1.9112,0.95513
1.9121,0.95555
1.9131,0.95658
1.914,0.95736
1.915,0.95909
1.916,0.95885
1.9169,0.96006
1.9179,0.95986
1.9188,0.96168
1.9198,0.96234
1.9208,0.96342
1.9217,0.9638
1.9227,0.96436
1.9236,0.96561
1.9246,0.9663
1.9256,0.96781
1.9265,0.96757
1.9275,0.96911
1.9285,0.96923
1.9294,0.97099
1.9304,0.97111
1.9313,0.97162
1.9323,0.97214
1.9333,0.97355
1.9342,0.97536
1.9352,0.97554
1.9361,0.97624
1.9371,0.97597
1.9381,0.97816
1.939,0.97853
1.94,0.97993
1.9409,0.9799
1.9419,0.98085
1.9429,0.98166
1.9438,0.98252
1.9448,0.98351
1.9457,0.98365
1.9467,0.98517
1.9477,0.98551
1.9486,0.9875
1.9496,0.98722
1.9505,0.98826
1.9515,0.98837
1.9525,0.98967
1.9534,0.99069
1.9544,0.99148
1.9553,0.99227
1.9563,0.99226
1.9573,0.99386
1.9582,0.99429
1.9592,0.99619
1.9601,0.99579
1.9611,0.99703
1.9621,0.99761
1.963,0.99898
1.964,0.9994
1.9649,0.99958
1.9659,1.0007
1.9669,1.0017
1.9678,1.0036
1.9688,1.0032
1.9697,1.0042
1.9707,1.0039
1.9717,1.0059
1.9726,1.0068
1.9736,1.0078
1.9745,1.008
1.9755,1.0084
1.9765,1.0098
1.9774,1.0105
1.9784,1.012
1.9794,1.0116
1.9803,1.0133
1.9813,1.0134
1.9822,1.0151
1.9832,1.0152
1.9842,1.0158
1.9851,1.0164
1.9861,1.0175
1.987,1.0192
1.988,1.0196
1.989,1.0208
1.9899,1.0203
1.9909,1.022
1.9918,1.0222
1.9928,1.0238
1.9938,1.0238
1.9947,1.0246
1.9957,1.0254
1.9966,1.0265
1.9976,1.0277
1.9986,1.0276
1.9995,1.029
2.0005,1.0294
2.0014,1.0317
2.0024,1.0313
2.0034,1.032
2.0043,1.0321
2.0053,1.0336
2.0062,1.0349
2.0072,1.0355
2.0082,1.0361
2.0091,1.036
2.0101,1.0377
2.011,1.0381
2.012,1.04
2.013,1.0396
2.0139,1.0408
2.0149,1.0414
2.0158,1.0428
2.0168,1.0432
2.0178,1.0433
2.0187,1.0443
2.0197,1.045
2.0206,1.0471
2.0216,1.0469
2.0226,1.048
2.0235,1.0475
2.0245,1.0493
2.0255,1.0502
2.0264,1.0514
2.0274,1.0518
2.0283,1.0522
2.0293,1.0536
2.0303,1.0542
2.0312,1.0559
2.0322,1.0555
2.0331,1.0571
2.0341,1.0572
2.0351,1.0589
2.036,1.059
2.037,1.0595
2.0379,1.06
2.0389,1.0609
2.0399,1.0627
2.0408,1.063
2.0418,1.064
2.0427,1.0633
2.0437,1.0651
2.0447,1.0654
2.0456,1.0668
2.0466,1.0666
2.0475,1.0674
2.0485,1.0685
2.0495,1.0696
2.0504,1.0706
2.0514,1.0704
2.0523,1.0719
2.0533,1.0722
2.0543,1.0745
2.0552,1.0743
2.0562,1.0751
2.0571,1.075
2.0581,1.0763
2.0591,1.0776
2.06,1.0785
2.061,1.0793
2.0619,1.079
2.0629,1.0806
2.0639,1.0808
2.0648,1.0828
2.0658,1.0825
2.0667,1.0836
2.0677,1.084
2.0687,1.0853
2.0696,1.086
2.0706,1.0861
2.0715,1.0869
2.0725,1.0873
2.0735,1.0896
2.0744,1.0898
2.0754,1.0911
2.0764,1.0903
2.0773,1.0917
2.0783,1.0926
2.0792,1.0939
2.0802,1.0943
2.0812,1.0947
2.0821,1.0962
2.0831,1.0966
2.084,1.0981
2.085,1.0976
2.086,1.0992
2.0869,1.0993
2.0879,1.1011
2.0888,1.1014
2.0898,1.102
2.0908,1.1022
2.0917,1.103
2.0927,1.1048
2.0936,1.1052
2.0946,1.1065
2.0956,1.1057
2.0965,1.1076
2.0975,1.1079
2.0984,1.1093
2.0994,1.1091
2.1004,1.1098
2.1013,1.1108
2.1023,1.1116
2.1032,1.1127
2.1042,1.1126
2.1052,1.1141
2.1061,1.1141
2.1071,1.1163
2.108,1.1163
2.109,1.1172
2.11,1.117
2.1109,1.118
2.1119,1.1194
2.1128,1.1203
2.1138,1.1211
2.1148,1.1209
2.1157,1.1228
2.1167,1.1229
2.1176,1.1246
2.1186,1.124
2.1196,1.1251
2.1205,1.1257
2.1215,1.1271
2.1224,1.1279
2.1234,1.1278
2.1244,1.1284
2.1253,1.1286
2.1263,1.1308
2.1273,1.1308
2.1282,1.1323
2.1292,1.1318
2.1301,1.1331
2.1311,1.1336
2.1321,1.1346
2.133,1.1351
2.134,1.1354
2.1349,1.1367
2.1359,1.1371
2.1369,1.1389
2.1378,1.1383
2.1388,1.1396
2.1397,1.1395
2.1407,1.1412
2.1417,1.1416
2.1426,1.1421
2.1436,1.1424
2.1445,1.143
2.1455,1.1447
2.1465,1.145
2.1474,1.1463
2.1484,1.1456
2.1493,1.1474
2.1503,1.1475
2.1513,1.1487
2.1522,1.1486
2.1532,1.1493
2.1541,1.1503
2.1551,1.1511
2.1561,1.1522
2.157,1.1519
2.158,1.1533
2.1589,1.153
2.1599,1.1551
2.1609,1.155
2.1618,1.156
2.1628,1.1558
2.1637,1.1567
2.1647,1.1577
2.1657,1.1581
2.1666,1.159
2.1676,1.1587
2.1685,1.1607
2.1695,1.1605
2.1705,1.162
2.1714,1.1614
2.1724,1.1625
2.1733,1.163
2.1743,1.1641
2.1753,1.1647
2.1762,1.1645
2.1772,1.1653
2.1782,1.1654
2.1791,1.1677
2.1801,1.1674
2.181,1.1687
2.182,1.168
2.183,1.1692
2.1839,1.1695
2.1849,1.1702
2.1858,1.1706
2.1868,1.1708
2.1878,1.1722
2.1887,1.1724
2.1897,1.1741
2.1906,1.1733
2.1916,1.1744
2.1926,1.174
2.1935,1.1757
2.1945,1.1761
2.1954,1.1763
2.1964,1.1763
2.1974,1.1767
2.1983,1.1785
2.1993,1.1786
2.2002,1.1798
2.2012,1.1789
2.2022,1.1804
2.2031,1.1803
2.2041,1.1815
2.205,1.1814
2.206,1.1819
2.207,1.1825
2.2079,1.1831
2.2089,1.1844
2.2098,1.1838
2.2108,1.1848
2.2118,1.1842
2.2127,1.1861
2.2137,1.1859
2.2146,1.1867
2.2156,1.1865
2.2166,1.187
2.2175,1.1878
2.2185,1.1884
2.2194,1.1895
2.2204,1.1888
2.2214,1.1902
2.2223,1.19
2.2233,1.1918
2.2242,1.191
2.2252,1.1913
2.2262,1.1914
2.2271,1.1926
2.2281,1.1935
2.2291,1.1931
2.23,1.1935
2.231,1.1933
2.2319,1.1955
2.2329,1.195
2.2339,1.196
2.2348,1.1952
2.2358,1.1962
2.2367,1.1964
2.2377,1.1969
2.2387,1.1972
2.2396,1.197
2.2406,1.198
2.2415,1.1981
2.2425,1.1999
2.2435,1.1989
2.2444,1.1997
2.2454,1.1992
2.2463,1.2006
2.2473,1.2009
2.2483,1.2011
2.2492,1.2011
2.2502,1.2013
2.2511,1.2027
2.2521,1.2025
2.2531,1.2036
2.254,1.2025
2.255,1.2038
2.2559,1.2035
2.2569,1.2045
2.2579,1.2043
2.2588,1.2045
2.2598,1.205
2.2607,1.2054
2.2617,1.2065
2.2627,1.2057
2.2636,1.2066
2.2646,1.2057
2.2655,1.2075
2.2665,1.2074
2.2675,1.2081
2.2684,1.2076
2.2694,1.208
2.2703,1.2087
2.2713,1.2089
2.2723,1.2096
2.2732,1.2088
2.2742,1.2103
2.2752,1.2097
2.2761,1.2111
2.2771,1.2103
2.278,1.2107
2.279,1.2107
2.28,1.2115
2.2809,1.2122
2.2819,1.2119
2.2828,1.2123
2.2838,1.2117
2.2848,1.2136
2.2857,1.2131
2.2867,1.2141
2.2876,1.2131
2.2886,1.2139
2.2896,1.2141
2.2905,1.2146
2.2915,1.2147
2.2924,1.2142
2.2934,1.2152
2.2944,1.2151
2.2953,1.2167
2.2963,1.2154
2.2972,1.2161
2.2982,1.2155
2.2992,1.2166
2.3001,1.2167
2.3011,1.2168
2.302,1.2169
2.303,1.2168
2.304,1.2179
2.3049,1.2175
2.3059,1.2187
2.3068,1.2174
2.3078,1.2185
2.3088,1.2182
2.3097,1.2192
2.3107,1.2189
2.3116,1.2187
2.3126,1.2191
2.3136,1.2194
2.3145,1.2206
2.3155,1.2198
2.3164,1.2207
2.3174,1.2196
2.3184,1.2212
2.3193,1.2209
2.3203,1.2214
2.3212,1.2207
2.3222,1.221
2.3232,1.2218
2.3241,1.2219
2.3251,1.2224
2.3261,1.2213
2.327,1.2227
2.328,1.2223
2.3289,1.2238
2.3299,1.2228
2.3309,1.223
2.3318,1.2228
2.3328,1.2234
2.3337,1.224
2.3347,1.2235
2.3357,1.224
2.3366,1.2233
2.3376,1.2251
2.3385,1.2244
2.3395,1.2254
2.3405,1.2244
2.3414,1.2248
2.3424,1.2248
2.3433,1.2254
2.3443,1.2258
2.3453,1.2251
2.3462,1.2256
2.3472,1.2253
2.3481,1.2271
2.3491,1.2259
2.3501,1.2264
2.351,1.2255
2.352,1.2267
2.3529,1.227
2.3539,1.2271
2.3549,1.2271
2.3558,1.2267
2.3568,1.228
2.3577,1.2274
2.3587,1.2284
2.3597,1.227
2.3606,1.2282
2.3616,1.228
2.3625,1.2288
2.3635,1.2284
2.3645,1.2279
2.3654,1.2282
2.3664,1.2284
2.3673,1.2297
2.3683,1.2286
2.3693,1.2294
2.3702,1.2284
2.3712,1.2298
2.3721,1.2294
2.3731,1.2297
2.3741,1.2291
2.375,1.2292
2.376,1.2299
2.377,1.2299
2.3779,1.2308
2.3789,1.2296
2.3798,1.2308
2.3808,1.2301
2.3818,1.2315
2.3827,1.2306
2.3837,1.2316
2.3846,1.233
2.3856,1.2288
2.3866,1.2294
2.3875,1.2381
2.3885,1.2346
2.3894,1.2184
2.3904,1.2324
2.3914,1.2538
2.3923,1.2248
2.3933,1.2
2.3942,1.2561
2.3952,1.2763
2.3962,1.1763
2.3971,1.1779
2.3981,1.3661
2.399,1.3016
2.4,0.68165
